<?xml version="1.0" encoding="UTF-8"?>
<gpx version="1.1" creator="Walk-and-Talk make_gpx.py" xmlns="http://www.topografix.com/GPX/1/1">
  <wpt lat="32.6019586" lon="-115.4792454"><time>2026-01-01T00:00:00Z</time></wpt>
  <wpt lat="32.6019536" lon="-115.4792589"><time>2026-01-01T00:00:01Z</time></wpt>
  <wpt lat="32.6019487" lon="-115.4792724"><time>2026-01-01T00:00:02Z</time></wpt>
  <wpt lat="32.6019438" lon="-115.4792859"><time>2026-01-01T00:00:03Z</time></wpt>
  <wpt lat="32.6019389" lon="-115.4792995"><time>2026-01-01T00:00:04Z</time></wpt>
  <wpt lat="32.6019340" lon="-115.4793130"><time>2026-01-01T00:00:05Z</time></wpt>
  <wpt lat="32.6019291" lon="-115.4793265"><time>2026-01-01T00:00:06Z</time></wpt>
  <wpt lat="32.6019242" lon="-115.4793400"><time>2026-01-01T00:00:07Z</time></wpt>
  <wpt lat="32.6019193" lon="-115.4793536"><time>2026-01-01T00:00:08Z</time></wpt>
  <wpt lat="32.6019144" lon="-115.4793671"><time>2026-01-01T00:00:09Z</time></wpt>
  <wpt lat="32.6019095" lon="-115.4793806"><time>2026-01-01T00:00:10Z</time></wpt>
  <wpt lat="32.6019046" lon="-115.4793941"><time>2026-01-01T00:00:11Z</time></wpt>
  <wpt lat="32.6018997" lon="-115.4794076"><time>2026-01-01T00:00:12Z</time></wpt>
  <wpt lat="32.6018948" lon="-115.4794212"><time>2026-01-01T00:00:13Z</time></wpt>
  <wpt lat="32.6018898" lon="-115.4794347"><time>2026-01-01T00:00:14Z</time></wpt>
  <wpt lat="32.6018849" lon="-115.4794482"><time>2026-01-01T00:00:15Z</time></wpt>
  <wpt lat="32.6018800" lon="-115.4794617"><time>2026-01-01T00:00:16Z</time></wpt>
  <wpt lat="32.6018751" lon="-115.4794753"><time>2026-01-01T00:00:17Z</time></wpt>
  <wpt lat="32.6018702" lon="-115.4794888"><time>2026-01-01T00:00:18Z</time></wpt>
  <wpt lat="32.6018653" lon="-115.4795023"><time>2026-01-01T00:00:19Z</time></wpt>
  <wpt lat="32.6018604" lon="-115.4795158"><time>2026-01-01T00:00:20Z</time></wpt>
  <wpt lat="32.6018555" lon="-115.4795294"><time>2026-01-01T00:00:21Z</time></wpt>
  <wpt lat="32.6018506" lon="-115.4795429"><time>2026-01-01T00:00:22Z</time></wpt>
  <wpt lat="32.6018457" lon="-115.4795564"><time>2026-01-01T00:00:23Z</time></wpt>
  <wpt lat="32.6018408" lon="-115.4795699"><time>2026-01-01T00:00:24Z</time></wpt>
  <wpt lat="32.6018359" lon="-115.4795834"><time>2026-01-01T00:00:25Z</time></wpt>
  <wpt lat="32.6018310" lon="-115.4795970"><time>2026-01-01T00:00:26Z</time></wpt>
  <wpt lat="32.6018260" lon="-115.4796105"><time>2026-01-01T00:00:27Z</time></wpt>
  <wpt lat="32.6018211" lon="-115.4796240"><time>2026-01-01T00:00:28Z</time></wpt>
  <wpt lat="32.6018162" lon="-115.4796375"><time>2026-01-01T00:00:29Z</time></wpt>
  <wpt lat="32.6018113" lon="-115.4796511"><time>2026-01-01T00:00:30Z</time></wpt>
  <wpt lat="32.6018064" lon="-115.4796646"><time>2026-01-01T00:00:31Z</time></wpt>
  <wpt lat="32.6018015" lon="-115.4796781"><time>2026-01-01T00:00:32Z</time></wpt>
  <wpt lat="32.6017966" lon="-115.4796916"><time>2026-01-01T00:00:33Z</time></wpt>
  <wpt lat="32.6017917" lon="-115.4797052"><time>2026-01-01T00:00:34Z</time></wpt>
  <wpt lat="32.6017868" lon="-115.4797187"><time>2026-01-01T00:00:35Z</time></wpt>
  <wpt lat="32.6017819" lon="-115.4797322"><time>2026-01-01T00:00:36Z</time></wpt>
  <wpt lat="32.6017770" lon="-115.4797457"><time>2026-01-01T00:00:37Z</time></wpt>
  <wpt lat="32.6017721" lon="-115.4797592"><time>2026-01-01T00:00:38Z</time></wpt>
  <wpt lat="32.6017671" lon="-115.4797728"><time>2026-01-01T00:00:39Z</time></wpt>
  <wpt lat="32.6017622" lon="-115.4797863"><time>2026-01-01T00:00:40Z</time></wpt>
  <wpt lat="32.6017573" lon="-115.4797998"><time>2026-01-01T00:00:41Z</time></wpt>
  <wpt lat="32.6017524" lon="-115.4798133"><time>2026-01-01T00:00:42Z</time></wpt>
  <wpt lat="32.6017475" lon="-115.4798269"><time>2026-01-01T00:00:43Z</time></wpt>
  <wpt lat="32.6017426" lon="-115.4798404"><time>2026-01-01T00:00:44Z</time></wpt>
  <wpt lat="32.6017377" lon="-115.4798539"><time>2026-01-01T00:00:45Z</time></wpt>
  <wpt lat="32.6017328" lon="-115.4798674"><time>2026-01-01T00:00:46Z</time></wpt>
  <wpt lat="32.6017279" lon="-115.4798809"><time>2026-01-01T00:00:47Z</time></wpt>
  <wpt lat="32.6017230" lon="-115.4798945"><time>2026-01-01T00:00:48Z</time></wpt>
  <wpt lat="32.6017181" lon="-115.4799080"><time>2026-01-01T00:00:49Z</time></wpt>
  <wpt lat="32.6017132" lon="-115.4799215"><time>2026-01-01T00:00:50Z</time></wpt>
  <wpt lat="32.6017083" lon="-115.4799350"><time>2026-01-01T00:00:51Z</time></wpt>
  <wpt lat="32.6017033" lon="-115.4799486"><time>2026-01-01T00:00:52Z</time></wpt>
  <wpt lat="32.6016984" lon="-115.4799621"><time>2026-01-01T00:00:53Z</time></wpt>
  <wpt lat="32.6016935" lon="-115.4799756"><time>2026-01-01T00:00:54Z</time></wpt>
  <wpt lat="32.6016886" lon="-115.4799891"><time>2026-01-01T00:00:55Z</time></wpt>
  <wpt lat="32.6016837" lon="-115.4800027"><time>2026-01-01T00:00:56Z</time></wpt>
  <wpt lat="32.6016788" lon="-115.4800162"><time>2026-01-01T00:00:57Z</time></wpt>
  <wpt lat="32.6016739" lon="-115.4800297"><time>2026-01-01T00:00:58Z</time></wpt>
  <wpt lat="32.6016739" lon="-115.4800297"><time>2026-01-01T00:00:59Z</time></wpt>
  <wpt lat="32.6016739" lon="-115.4800297"><time>2026-01-01T00:01:00Z</time></wpt>
  <wpt lat="32.6016739" lon="-115.4800297"><time>2026-01-01T00:01:01Z</time></wpt>
  <wpt lat="32.6016739" lon="-115.4800297"><time>2026-01-01T00:01:02Z</time></wpt>
  <wpt lat="32.6016739" lon="-115.4800297"><time>2026-01-01T00:01:03Z</time></wpt>
  <wpt lat="32.6016739" lon="-115.4800297"><time>2026-01-01T00:01:04Z</time></wpt>
  <wpt lat="32.6016739" lon="-115.4800297"><time>2026-01-01T00:01:05Z</time></wpt>
  <wpt lat="32.6016739" lon="-115.4800297"><time>2026-01-01T00:01:06Z</time></wpt>
  <wpt lat="32.6016739" lon="-115.4800297"><time>2026-01-01T00:01:07Z</time></wpt>
  <wpt lat="32.6016739" lon="-115.4800297"><time>2026-01-01T00:01:08Z</time></wpt>
  <wpt lat="32.6016739" lon="-115.4800297"><time>2026-01-01T00:01:09Z</time></wpt>
  <wpt lat="32.6016739" lon="-115.4800297"><time>2026-01-01T00:01:10Z</time></wpt>
  <wpt lat="32.6016739" lon="-115.4800297"><time>2026-01-01T00:01:11Z</time></wpt>
  <wpt lat="32.6016739" lon="-115.4800297"><time>2026-01-01T00:01:12Z</time></wpt>
  <wpt lat="32.6016739" lon="-115.4800297"><time>2026-01-01T00:01:13Z</time></wpt>
  <wpt lat="32.6016739" lon="-115.4800297"><time>2026-01-01T00:01:14Z</time></wpt>
  <wpt lat="32.6016689" lon="-115.4800434"><time>2026-01-01T00:01:15Z</time></wpt>
  <wpt lat="32.6016640" lon="-115.4800570"><time>2026-01-01T00:01:16Z</time></wpt>
  <wpt lat="32.6016590" lon="-115.4800707"><time>2026-01-01T00:01:17Z</time></wpt>
  <wpt lat="32.6016541" lon="-115.4800843"><time>2026-01-01T00:01:18Z</time></wpt>
  <wpt lat="32.6016491" lon="-115.4800980"><time>2026-01-01T00:01:19Z</time></wpt>
  <wpt lat="32.6016442" lon="-115.4801116"><time>2026-01-01T00:01:20Z</time></wpt>
  <wpt lat="32.6016392" lon="-115.4801253"><time>2026-01-01T00:01:21Z</time></wpt>
  <wpt lat="32.6016343" lon="-115.4801389"><time>2026-01-01T00:01:22Z</time></wpt>
  <wpt lat="32.6016293" lon="-115.4801526"><time>2026-01-01T00:01:23Z</time></wpt>
  <wpt lat="32.6016243" lon="-115.4801663"><time>2026-01-01T00:01:24Z</time></wpt>
  <wpt lat="32.6016194" lon="-115.4801799"><time>2026-01-01T00:01:25Z</time></wpt>
  <wpt lat="32.6016144" lon="-115.4801936"><time>2026-01-01T00:01:26Z</time></wpt>
  <wpt lat="32.6016095" lon="-115.4802072"><time>2026-01-01T00:01:27Z</time></wpt>
  <wpt lat="32.6016045" lon="-115.4802209"><time>2026-01-01T00:01:28Z</time></wpt>
  <wpt lat="32.6015996" lon="-115.4802345"><time>2026-01-01T00:01:29Z</time></wpt>
  <wpt lat="32.6015946" lon="-115.4802482"><time>2026-01-01T00:01:30Z</time></wpt>
  <wpt lat="32.6015896" lon="-115.4802618"><time>2026-01-01T00:01:31Z</time></wpt>
  <wpt lat="32.6015847" lon="-115.4802755"><time>2026-01-01T00:01:32Z</time></wpt>
  <wpt lat="32.6015797" lon="-115.4802892"><time>2026-01-01T00:01:33Z</time></wpt>
  <wpt lat="32.6015748" lon="-115.4803028"><time>2026-01-01T00:01:34Z</time></wpt>
  <wpt lat="32.6015698" lon="-115.4803165"><time>2026-01-01T00:01:35Z</time></wpt>
  <wpt lat="32.6015649" lon="-115.4803301"><time>2026-01-01T00:01:36Z</time></wpt>
  <wpt lat="32.6015599" lon="-115.4803438"><time>2026-01-01T00:01:37Z</time></wpt>
  <wpt lat="32.6015550" lon="-115.4803574"><time>2026-01-01T00:01:38Z</time></wpt>
  <wpt lat="32.6015500" lon="-115.4803711"><time>2026-01-01T00:01:39Z</time></wpt>
  <wpt lat="32.6015450" lon="-115.4803847"><time>2026-01-01T00:01:40Z</time></wpt>
  <wpt lat="32.6015401" lon="-115.4803984"><time>2026-01-01T00:01:41Z</time></wpt>
  <wpt lat="32.6015351" lon="-115.4804121"><time>2026-01-01T00:01:42Z</time></wpt>
  <wpt lat="32.6015302" lon="-115.4804257"><time>2026-01-01T00:01:43Z</time></wpt>
  <wpt lat="32.6015252" lon="-115.4804394"><time>2026-01-01T00:01:44Z</time></wpt>
  <wpt lat="32.6015203" lon="-115.4804530"><time>2026-01-01T00:01:45Z</time></wpt>
  <wpt lat="32.6015153" lon="-115.4804667"><time>2026-01-01T00:01:46Z</time></wpt>
  <wpt lat="32.6015104" lon="-115.4804803"><time>2026-01-01T00:01:47Z</time></wpt>
  <wpt lat="32.6015054" lon="-115.4804940"><time>2026-01-01T00:01:48Z</time></wpt>
  <wpt lat="32.6015004" lon="-115.4805076"><time>2026-01-01T00:01:49Z</time></wpt>
  <wpt lat="32.6014955" lon="-115.4805213"><time>2026-01-01T00:01:50Z</time></wpt>
  <wpt lat="32.6014905" lon="-115.4805349"><time>2026-01-01T00:01:51Z</time></wpt>
  <wpt lat="32.6014856" lon="-115.4805486"><time>2026-01-01T00:01:52Z</time></wpt>
  <wpt lat="32.6014806" lon="-115.4805623"><time>2026-01-01T00:01:53Z</time></wpt>
  <wpt lat="32.6014757" lon="-115.4805759"><time>2026-01-01T00:01:54Z</time></wpt>
  <wpt lat="32.6014707" lon="-115.4805896"><time>2026-01-01T00:01:55Z</time></wpt>
  <wpt lat="32.6014658" lon="-115.4806032"><time>2026-01-01T00:01:56Z</time></wpt>
  <wpt lat="32.6014608" lon="-115.4806169"><time>2026-01-01T00:01:57Z</time></wpt>
  <wpt lat="32.6014558" lon="-115.4806305"><time>2026-01-01T00:01:58Z</time></wpt>
  <wpt lat="32.6014509" lon="-115.4806442"><time>2026-01-01T00:01:59Z</time></wpt>
  <wpt lat="32.6014459" lon="-115.4806578"><time>2026-01-01T00:02:00Z</time></wpt>
  <wpt lat="32.6014410" lon="-115.4806715"><time>2026-01-01T00:02:01Z</time></wpt>
  <wpt lat="32.6014360" lon="-115.4806852"><time>2026-01-01T00:02:02Z</time></wpt>
  <wpt lat="32.6014311" lon="-115.4806988"><time>2026-01-01T00:02:03Z</time></wpt>
  <wpt lat="32.6014261" lon="-115.4807125"><time>2026-01-01T00:02:04Z</time></wpt>
  <wpt lat="32.6014211" lon="-115.4807261"><time>2026-01-01T00:02:05Z</time></wpt>
  <wpt lat="32.6014162" lon="-115.4807398"><time>2026-01-01T00:02:06Z</time></wpt>
  <wpt lat="32.6014112" lon="-115.4807534"><time>2026-01-01T00:02:07Z</time></wpt>
  <wpt lat="32.6014063" lon="-115.4807671"><time>2026-01-01T00:02:08Z</time></wpt>
  <wpt lat="32.6014013" lon="-115.4807807"><time>2026-01-01T00:02:09Z</time></wpt>
  <wpt lat="32.6013964" lon="-115.4807944"><time>2026-01-01T00:02:10Z</time></wpt>
  <wpt lat="32.6013914" lon="-115.4808081"><time>2026-01-01T00:02:11Z</time></wpt>
  <wpt lat="32.6013865" lon="-115.4808217"><time>2026-01-01T00:02:12Z</time></wpt>
  <wpt lat="32.6013815" lon="-115.4808354"><time>2026-01-01T00:02:13Z</time></wpt>
  <wpt lat="32.6013765" lon="-115.4808490"><time>2026-01-01T00:02:14Z</time></wpt>
  <wpt lat="32.6013716" lon="-115.4808627"><time>2026-01-01T00:02:15Z</time></wpt>
  <wpt lat="32.6013666" lon="-115.4808763"><time>2026-01-01T00:02:16Z</time></wpt>
  <wpt lat="32.6013617" lon="-115.4808900"><time>2026-01-01T00:02:17Z</time></wpt>
  <wpt lat="32.6013567" lon="-115.4809036"><time>2026-01-01T00:02:18Z</time></wpt>
  <wpt lat="32.6013518" lon="-115.4809173"><time>2026-01-01T00:02:19Z</time></wpt>
  <wpt lat="32.6013468" lon="-115.4809310"><time>2026-01-01T00:02:20Z</time></wpt>
  <wpt lat="32.6013419" lon="-115.4809446"><time>2026-01-01T00:02:21Z</time></wpt>
  <wpt lat="32.6013369" lon="-115.4809583"><time>2026-01-01T00:02:22Z</time></wpt>
  <wpt lat="32.6013319" lon="-115.4809719"><time>2026-01-01T00:02:23Z</time></wpt>
  <wpt lat="32.6013270" lon="-115.4809856"><time>2026-01-01T00:02:24Z</time></wpt>
  <wpt lat="32.6013220" lon="-115.4809992"><time>2026-01-01T00:02:25Z</time></wpt>
  <wpt lat="32.6013171" lon="-115.4810129"><time>2026-01-01T00:02:26Z</time></wpt>
  <wpt lat="32.6013121" lon="-115.4810265"><time>2026-01-01T00:02:27Z</time></wpt>
  <wpt lat="32.6013072" lon="-115.4810402"><time>2026-01-01T00:02:28Z</time></wpt>
  <wpt lat="32.6013022" lon="-115.4810539"><time>2026-01-01T00:02:29Z</time></wpt>
  <wpt lat="32.6012973" lon="-115.4810675"><time>2026-01-01T00:02:30Z</time></wpt>
  <wpt lat="32.6012923" lon="-115.4810812"><time>2026-01-01T00:02:31Z</time></wpt>
  <wpt lat="32.6012873" lon="-115.4810948"><time>2026-01-01T00:02:32Z</time></wpt>
  <wpt lat="32.6012824" lon="-115.4811085"><time>2026-01-01T00:02:33Z</time></wpt>
  <wpt lat="32.6012774" lon="-115.4811221"><time>2026-01-01T00:02:34Z</time></wpt>
  <wpt lat="32.6012725" lon="-115.4811358"><time>2026-01-01T00:02:35Z</time></wpt>
  <wpt lat="32.6012675" lon="-115.4811494"><time>2026-01-01T00:02:36Z</time></wpt>
  <wpt lat="32.6012626" lon="-115.4811631"><time>2026-01-01T00:02:37Z</time></wpt>
  <wpt lat="32.6012576" lon="-115.4811768"><time>2026-01-01T00:02:38Z</time></wpt>
  <wpt lat="32.6012526" lon="-115.4811904"><time>2026-01-01T00:02:39Z</time></wpt>
  <wpt lat="32.6012477" lon="-115.4812041"><time>2026-01-01T00:02:40Z</time></wpt>
  <wpt lat="32.6012427" lon="-115.4812177"><time>2026-01-01T00:02:41Z</time></wpt>
  <wpt lat="32.6012378" lon="-115.4812314"><time>2026-01-01T00:02:42Z</time></wpt>
  <wpt lat="32.6012328" lon="-115.4812450"><time>2026-01-01T00:02:43Z</time></wpt>
  <wpt lat="32.6012279" lon="-115.4812587"><time>2026-01-01T00:02:44Z</time></wpt>
  <wpt lat="32.6012229" lon="-115.4812723"><time>2026-01-01T00:02:45Z</time></wpt>
  <wpt lat="32.6012180" lon="-115.4812860"><time>2026-01-01T00:02:46Z</time></wpt>
  <wpt lat="32.6012130" lon="-115.4812997"><time>2026-01-01T00:02:47Z</time></wpt>
  <wpt lat="32.6012080" lon="-115.4813133"><time>2026-01-01T00:02:48Z</time></wpt>
  <wpt lat="32.6012031" lon="-115.4813270"><time>2026-01-01T00:02:49Z</time></wpt>
  <wpt lat="32.6011981" lon="-115.4813406"><time>2026-01-01T00:02:50Z</time></wpt>
  <wpt lat="32.6011932" lon="-115.4813543"><time>2026-01-01T00:02:51Z</time></wpt>
  <wpt lat="32.6011882" lon="-115.4813679"><time>2026-01-01T00:02:52Z</time></wpt>
  <wpt lat="32.6011833" lon="-115.4813816"><time>2026-01-01T00:02:53Z</time></wpt>
  <wpt lat="32.6011783" lon="-115.4813952"><time>2026-01-01T00:02:54Z</time></wpt>
  <wpt lat="32.6011734" lon="-115.4814089"><time>2026-01-01T00:02:55Z</time></wpt>
  <wpt lat="32.6011684" lon="-115.4814225"><time>2026-01-01T00:02:56Z</time></wpt>
  <wpt lat="32.6011634" lon="-115.4814362"><time>2026-01-01T00:02:57Z</time></wpt>
  <wpt lat="32.6011585" lon="-115.4814499"><time>2026-01-01T00:02:58Z</time></wpt>
  <wpt lat="32.6011535" lon="-115.4814635"><time>2026-01-01T00:02:59Z</time></wpt>
  <wpt lat="32.6011486" lon="-115.4814772"><time>2026-01-01T00:03:00Z</time></wpt>
  <wpt lat="32.6011436" lon="-115.4814908"><time>2026-01-01T00:03:01Z</time></wpt>
  <wpt lat="32.6011387" lon="-115.4815045"><time>2026-01-01T00:03:02Z</time></wpt>
  <wpt lat="32.6011337" lon="-115.4815181"><time>2026-01-01T00:03:03Z</time></wpt>
  <wpt lat="32.6011288" lon="-115.4815318"><time>2026-01-01T00:03:04Z</time></wpt>
  <wpt lat="32.6011238" lon="-115.4815454"><time>2026-01-01T00:03:05Z</time></wpt>
  <wpt lat="32.6011188" lon="-115.4815591"><time>2026-01-01T00:03:06Z</time></wpt>
  <wpt lat="32.6011139" lon="-115.4815728"><time>2026-01-01T00:03:07Z</time></wpt>
  <wpt lat="32.6011089" lon="-115.4815864"><time>2026-01-01T00:03:08Z</time></wpt>
  <wpt lat="32.6011040" lon="-115.4816001"><time>2026-01-01T00:03:09Z</time></wpt>
  <wpt lat="32.6010990" lon="-115.4816137"><time>2026-01-01T00:03:10Z</time></wpt>
  <wpt lat="32.6010941" lon="-115.4816274"><time>2026-01-01T00:03:11Z</time></wpt>
  <wpt lat="32.6010891" lon="-115.4816410"><time>2026-01-01T00:03:12Z</time></wpt>
  <wpt lat="32.6010841" lon="-115.4816547"><time>2026-01-01T00:03:13Z</time></wpt>
  <wpt lat="32.6010792" lon="-115.4816683"><time>2026-01-01T00:03:14Z</time></wpt>
  <wpt lat="32.6010742" lon="-115.4816820"><time>2026-01-01T00:03:15Z</time></wpt>
  <wpt lat="32.6010693" lon="-115.4816957"><time>2026-01-01T00:03:16Z</time></wpt>
  <wpt lat="32.6010643" lon="-115.4817093"><time>2026-01-01T00:03:17Z</time></wpt>
  <wpt lat="32.6010594" lon="-115.4817230"><time>2026-01-01T00:03:18Z</time></wpt>
  <wpt lat="32.6010544" lon="-115.4817366"><time>2026-01-01T00:03:19Z</time></wpt>
  <wpt lat="32.6010495" lon="-115.4817503"><time>2026-01-01T00:03:20Z</time></wpt>
  <wpt lat="32.6010445" lon="-115.4817639"><time>2026-01-01T00:03:21Z</time></wpt>
  <wpt lat="32.6010395" lon="-115.4817776"><time>2026-01-01T00:03:22Z</time></wpt>
  <wpt lat="32.6010346" lon="-115.4817912"><time>2026-01-01T00:03:23Z</time></wpt>
  <wpt lat="32.6010296" lon="-115.4818049"><time>2026-01-01T00:03:24Z</time></wpt>
  <wpt lat="32.6010247" lon="-115.4818186"><time>2026-01-01T00:03:25Z</time></wpt>
  <wpt lat="32.6010197" lon="-115.4818322"><time>2026-01-01T00:03:26Z</time></wpt>
  <wpt lat="32.6010148" lon="-115.4818459"><time>2026-01-01T00:03:27Z</time></wpt>
  <wpt lat="32.6010098" lon="-115.4818595"><time>2026-01-01T00:03:28Z</time></wpt>
  <wpt lat="32.6010049" lon="-115.4818732"><time>2026-01-01T00:03:29Z</time></wpt>
  <wpt lat="32.6009999" lon="-115.4818868"><time>2026-01-01T00:03:30Z</time></wpt>
  <wpt lat="32.6009949" lon="-115.4819005"><time>2026-01-01T00:03:31Z</time></wpt>
  <wpt lat="32.6009900" lon="-115.4819141"><time>2026-01-01T00:03:32Z</time></wpt>
  <wpt lat="32.6009850" lon="-115.4819278"><time>2026-01-01T00:03:33Z</time></wpt>
  <wpt lat="32.6009801" lon="-115.4819415"><time>2026-01-01T00:03:34Z</time></wpt>
  <wpt lat="32.6009751" lon="-115.4819551"><time>2026-01-01T00:03:35Z</time></wpt>
  <wpt lat="32.6009702" lon="-115.4819688"><time>2026-01-01T00:03:36Z</time></wpt>
  <wpt lat="32.6009652" lon="-115.4819824"><time>2026-01-01T00:03:37Z</time></wpt>
  <wpt lat="32.6009603" lon="-115.4819961"><time>2026-01-01T00:03:38Z</time></wpt>
  <wpt lat="32.6009553" lon="-115.4820097"><time>2026-01-01T00:03:39Z</time></wpt>
  <wpt lat="32.6009503" lon="-115.4820234"><time>2026-01-01T00:03:40Z</time></wpt>
  <wpt lat="32.6009454" lon="-115.4820370"><time>2026-01-01T00:03:41Z</time></wpt>
  <wpt lat="32.6009404" lon="-115.4820507"><time>2026-01-01T00:03:42Z</time></wpt>
  <wpt lat="32.6009355" lon="-115.4820644"><time>2026-01-01T00:03:43Z</time></wpt>
  <wpt lat="32.6009305" lon="-115.4820780"><time>2026-01-01T00:03:44Z</time></wpt>
  <wpt lat="32.6009256" lon="-115.4820917"><time>2026-01-01T00:03:45Z</time></wpt>
  <wpt lat="32.6009206" lon="-115.4821053"><time>2026-01-01T00:03:46Z</time></wpt>
  <wpt lat="32.6009156" lon="-115.4821190"><time>2026-01-01T00:03:47Z</time></wpt>
  <wpt lat="32.6009107" lon="-115.4821326"><time>2026-01-01T00:03:48Z</time></wpt>
  <wpt lat="32.6009057" lon="-115.4821463"><time>2026-01-01T00:03:49Z</time></wpt>
  <wpt lat="32.6009008" lon="-115.4821599"><time>2026-01-01T00:03:50Z</time></wpt>
  <wpt lat="32.6008958" lon="-115.4821736"><time>2026-01-01T00:03:51Z</time></wpt>
  <wpt lat="32.6008909" lon="-115.4821873"><time>2026-01-01T00:03:52Z</time></wpt>
  <wpt lat="32.6008859" lon="-115.4822009"><time>2026-01-01T00:03:53Z</time></wpt>
  <wpt lat="32.6008810" lon="-115.4822146"><time>2026-01-01T00:03:54Z</time></wpt>
  <wpt lat="32.6008760" lon="-115.4822282"><time>2026-01-01T00:03:55Z</time></wpt>
  <wpt lat="32.6008710" lon="-115.4822419"><time>2026-01-01T00:03:56Z</time></wpt>
  <wpt lat="32.6008661" lon="-115.4822555"><time>2026-01-01T00:03:57Z</time></wpt>
  <wpt lat="32.6008611" lon="-115.4822692"><time>2026-01-01T00:03:58Z</time></wpt>
  <wpt lat="32.6008562" lon="-115.4822828"><time>2026-01-01T00:03:59Z</time></wpt>
  <wpt lat="32.6008512" lon="-115.4822965"><time>2026-01-01T00:04:00Z</time></wpt>
  <wpt lat="32.6008463" lon="-115.4823101"><time>2026-01-01T00:04:01Z</time></wpt>
  <wpt lat="32.6008413" lon="-115.4823238"><time>2026-01-01T00:04:02Z</time></wpt>
  <wpt lat="32.6008364" lon="-115.4823375"><time>2026-01-01T00:04:03Z</time></wpt>
  <wpt lat="32.6008314" lon="-115.4823511"><time>2026-01-01T00:04:04Z</time></wpt>
  <wpt lat="32.6008264" lon="-115.4823648"><time>2026-01-01T00:04:05Z</time></wpt>
  <wpt lat="32.6008215" lon="-115.4823784"><time>2026-01-01T00:04:06Z</time></wpt>
  <wpt lat="32.6008165" lon="-115.4823921"><time>2026-01-01T00:04:07Z</time></wpt>
  <wpt lat="32.6008116" lon="-115.4824057"><time>2026-01-01T00:04:08Z</time></wpt>
  <wpt lat="32.6008066" lon="-115.4824194"><time>2026-01-01T00:04:09Z</time></wpt>
  <wpt lat="32.6008017" lon="-115.4824330"><time>2026-01-01T00:04:10Z</time></wpt>
  <wpt lat="32.6007967" lon="-115.4824467"><time>2026-01-01T00:04:11Z</time></wpt>
  <wpt lat="32.6007918" lon="-115.4824604"><time>2026-01-01T00:04:12Z</time></wpt>
  <wpt lat="32.6007868" lon="-115.4824740"><time>2026-01-01T00:04:13Z</time></wpt>
  <wpt lat="32.6007818" lon="-115.4824877"><time>2026-01-01T00:04:14Z</time></wpt>
  <wpt lat="32.6007769" lon="-115.4825013"><time>2026-01-01T00:04:15Z</time></wpt>
  <wpt lat="32.6007719" lon="-115.4825150"><time>2026-01-01T00:04:16Z</time></wpt>
  <wpt lat="32.6007670" lon="-115.4825286"><time>2026-01-01T00:04:17Z</time></wpt>
  <wpt lat="32.6007620" lon="-115.4825423"><time>2026-01-01T00:04:18Z</time></wpt>
  <wpt lat="32.6007571" lon="-115.4825559"><time>2026-01-01T00:04:19Z</time></wpt>
  <wpt lat="32.6007521" lon="-115.4825696"><time>2026-01-01T00:04:20Z</time></wpt>
  <wpt lat="32.6007471" lon="-115.4825833"><time>2026-01-01T00:04:21Z</time></wpt>
  <wpt lat="32.6007422" lon="-115.4825969"><time>2026-01-01T00:04:22Z</time></wpt>
  <wpt lat="32.6007372" lon="-115.4826106"><time>2026-01-01T00:04:23Z</time></wpt>
  <wpt lat="32.6007323" lon="-115.4826242"><time>2026-01-01T00:04:24Z</time></wpt>
  <wpt lat="32.6007273" lon="-115.4826379"><time>2026-01-01T00:04:25Z</time></wpt>
  <wpt lat="32.6007224" lon="-115.4826515"><time>2026-01-01T00:04:26Z</time></wpt>
  <wpt lat="32.6007174" lon="-115.4826652"><time>2026-01-01T00:04:27Z</time></wpt>
  <wpt lat="32.6007125" lon="-115.4826788"><time>2026-01-01T00:04:28Z</time></wpt>
  <wpt lat="32.6007075" lon="-115.4826925"><time>2026-01-01T00:04:29Z</time></wpt>
  <wpt lat="32.6007075" lon="-115.4826925"><time>2026-01-01T00:04:30Z</time></wpt>
  <wpt lat="32.6007075" lon="-115.4826925"><time>2026-01-01T00:04:31Z</time></wpt>
  <wpt lat="32.6007075" lon="-115.4826925"><time>2026-01-01T00:04:32Z</time></wpt>
  <wpt lat="32.6007075" lon="-115.4826925"><time>2026-01-01T00:04:33Z</time></wpt>
  <wpt lat="32.6007075" lon="-115.4826925"><time>2026-01-01T00:04:34Z</time></wpt>
  <wpt lat="32.6007075" lon="-115.4826925"><time>2026-01-01T00:04:35Z</time></wpt>
  <wpt lat="32.6007075" lon="-115.4826925"><time>2026-01-01T00:04:36Z</time></wpt>
  <wpt lat="32.6007075" lon="-115.4826925"><time>2026-01-01T00:04:37Z</time></wpt>
  <wpt lat="32.6007075" lon="-115.4826925"><time>2026-01-01T00:04:38Z</time></wpt>
  <wpt lat="32.6007075" lon="-115.4826925"><time>2026-01-01T00:04:39Z</time></wpt>
  <wpt lat="32.6007075" lon="-115.4826925"><time>2026-01-01T00:04:40Z</time></wpt>
  <wpt lat="32.6007075" lon="-115.4826925"><time>2026-01-01T00:04:41Z</time></wpt>
  <wpt lat="32.6007075" lon="-115.4826925"><time>2026-01-01T00:04:42Z</time></wpt>
  <wpt lat="32.6007075" lon="-115.4826925"><time>2026-01-01T00:04:43Z</time></wpt>
  <wpt lat="32.6007098" lon="-115.4826778"><time>2026-01-01T00:04:44Z</time></wpt>
  <wpt lat="32.6007122" lon="-115.4826632"><time>2026-01-01T00:04:45Z</time></wpt>
  <wpt lat="32.6007145" lon="-115.4826485"><time>2026-01-01T00:04:46Z</time></wpt>
  <wpt lat="32.6007168" lon="-115.4826339"><time>2026-01-01T00:04:47Z</time></wpt>
  <wpt lat="32.6007191" lon="-115.4826192"><time>2026-01-01T00:04:48Z</time></wpt>
  <wpt lat="32.6007215" lon="-115.4826046"><time>2026-01-01T00:04:49Z</time></wpt>
  <wpt lat="32.6007238" lon="-115.4825899"><time>2026-01-01T00:04:50Z</time></wpt>
  <wpt lat="32.6007261" lon="-115.4825753"><time>2026-01-01T00:04:51Z</time></wpt>
  <wpt lat="32.6007285" lon="-115.4825606"><time>2026-01-01T00:04:52Z</time></wpt>
  <wpt lat="32.6007308" lon="-115.4825460"><time>2026-01-01T00:04:53Z</time></wpt>
  <wpt lat="32.6007331" lon="-115.4825313"><time>2026-01-01T00:04:54Z</time></wpt>
  <wpt lat="32.6007354" lon="-115.4825167"><time>2026-01-01T00:04:55Z</time></wpt>
  <wpt lat="32.6007378" lon="-115.4825020"><time>2026-01-01T00:04:56Z</time></wpt>
  <wpt lat="32.6007401" lon="-115.4824873"><time>2026-01-01T00:04:57Z</time></wpt>
  <wpt lat="32.6007424" lon="-115.4824727"><time>2026-01-01T00:04:58Z</time></wpt>
  <wpt lat="32.6007448" lon="-115.4824580"><time>2026-01-01T00:04:59Z</time></wpt>
  <wpt lat="32.6007471" lon="-115.4824434"><time>2026-01-01T00:05:00Z</time></wpt>
  <wpt lat="32.6007494" lon="-115.4824287"><time>2026-01-01T00:05:01Z</time></wpt>
  <wpt lat="32.6007517" lon="-115.4824141"><time>2026-01-01T00:05:02Z</time></wpt>
  <wpt lat="32.6007541" lon="-115.4823994"><time>2026-01-01T00:05:03Z</time></wpt>
  <wpt lat="32.6007564" lon="-115.4823848"><time>2026-01-01T00:05:04Z</time></wpt>
  <wpt lat="32.6007587" lon="-115.4823701"><time>2026-01-01T00:05:05Z</time></wpt>
  <wpt lat="32.6007611" lon="-115.4823555"><time>2026-01-01T00:05:06Z</time></wpt>
  <wpt lat="32.6007634" lon="-115.4823408"><time>2026-01-01T00:05:07Z</time></wpt>
  <wpt lat="32.6007657" lon="-115.4823262"><time>2026-01-01T00:05:08Z</time></wpt>
  <wpt lat="32.6007681" lon="-115.4823115"><time>2026-01-01T00:05:09Z</time></wpt>
  <wpt lat="32.6007704" lon="-115.4822969"><time>2026-01-01T00:05:10Z</time></wpt>
  <wpt lat="32.6007727" lon="-115.4822822"><time>2026-01-01T00:05:11Z</time></wpt>
  <wpt lat="32.6007750" lon="-115.4822675"><time>2026-01-01T00:05:12Z</time></wpt>
  <wpt lat="32.6007774" lon="-115.4822529"><time>2026-01-01T00:05:13Z</time></wpt>
  <wpt lat="32.6007797" lon="-115.4822382"><time>2026-01-01T00:05:14Z</time></wpt>
  <wpt lat="32.6007820" lon="-115.4822236"><time>2026-01-01T00:05:15Z</time></wpt>
  <wpt lat="32.6007844" lon="-115.4822089"><time>2026-01-01T00:05:16Z</time></wpt>
  <wpt lat="32.6007867" lon="-115.4821943"><time>2026-01-01T00:05:17Z</time></wpt>
  <wpt lat="32.6007890" lon="-115.4821796"><time>2026-01-01T00:05:18Z</time></wpt>
  <wpt lat="32.6007913" lon="-115.4821650"><time>2026-01-01T00:05:19Z</time></wpt>
  <wpt lat="32.6007937" lon="-115.4821503"><time>2026-01-01T00:05:20Z</time></wpt>
  <wpt lat="32.6007960" lon="-115.4821357"><time>2026-01-01T00:05:21Z</time></wpt>
  <wpt lat="32.6007983" lon="-115.4821210"><time>2026-01-01T00:05:22Z</time></wpt>
  <wpt lat="32.6008007" lon="-115.4821064"><time>2026-01-01T00:05:23Z</time></wpt>
  <wpt lat="32.6008030" lon="-115.4820917"><time>2026-01-01T00:05:24Z</time></wpt>
  <wpt lat="32.6008053" lon="-115.4820770"><time>2026-01-01T00:05:25Z</time></wpt>
  <wpt lat="32.6008076" lon="-115.4820624"><time>2026-01-01T00:05:26Z</time></wpt>
  <wpt lat="32.6008100" lon="-115.4820477"><time>2026-01-01T00:05:27Z</time></wpt>
  <wpt lat="32.6008123" lon="-115.4820331"><time>2026-01-01T00:05:28Z</time></wpt>
  <wpt lat="32.6008146" lon="-115.4820184"><time>2026-01-01T00:05:29Z</time></wpt>
  <wpt lat="32.6008170" lon="-115.4820038"><time>2026-01-01T00:05:30Z</time></wpt>
  <wpt lat="32.6008193" lon="-115.4819891"><time>2026-01-01T00:05:31Z</time></wpt>
  <wpt lat="32.6008216" lon="-115.4819745"><time>2026-01-01T00:05:32Z</time></wpt>
  <wpt lat="32.6008239" lon="-115.4819598"><time>2026-01-01T00:05:33Z</time></wpt>
  <wpt lat="32.6008263" lon="-115.4819452"><time>2026-01-01T00:05:34Z</time></wpt>
  <wpt lat="32.6008286" lon="-115.4819305"><time>2026-01-01T00:05:35Z</time></wpt>
  <wpt lat="32.6008309" lon="-115.4819159"><time>2026-01-01T00:05:36Z</time></wpt>
  <wpt lat="32.6008333" lon="-115.4819012"><time>2026-01-01T00:05:37Z</time></wpt>
  <wpt lat="32.6008356" lon="-115.4818866"><time>2026-01-01T00:05:38Z</time></wpt>
  <wpt lat="32.6008379" lon="-115.4818719"><time>2026-01-01T00:05:39Z</time></wpt>
  <wpt lat="32.6008402" lon="-115.4818572"><time>2026-01-01T00:05:40Z</time></wpt>
  <wpt lat="32.6008426" lon="-115.4818426"><time>2026-01-01T00:05:41Z</time></wpt>
  <wpt lat="32.6008449" lon="-115.4818279"><time>2026-01-01T00:05:42Z</time></wpt>
  <wpt lat="32.6008472" lon="-115.4818133"><time>2026-01-01T00:05:43Z</time></wpt>
  <wpt lat="32.6008496" lon="-115.4817986"><time>2026-01-01T00:05:44Z</time></wpt>
  <wpt lat="32.6008519" lon="-115.4817840"><time>2026-01-01T00:05:45Z</time></wpt>
  <wpt lat="32.6008542" lon="-115.4817693"><time>2026-01-01T00:05:46Z</time></wpt>
  <wpt lat="32.6008566" lon="-115.4817547"><time>2026-01-01T00:05:47Z</time></wpt>
  <wpt lat="32.6008589" lon="-115.4817400"><time>2026-01-01T00:05:48Z</time></wpt>
  <wpt lat="32.6008612" lon="-115.4817254"><time>2026-01-01T00:05:49Z</time></wpt>
  <wpt lat="32.6008635" lon="-115.4817107"><time>2026-01-01T00:05:50Z</time></wpt>
  <wpt lat="32.6008659" lon="-115.4816961"><time>2026-01-01T00:05:51Z</time></wpt>
  <wpt lat="32.6008682" lon="-115.4816814"><time>2026-01-01T00:05:52Z</time></wpt>
  <wpt lat="32.6008705" lon="-115.4816667"><time>2026-01-01T00:05:53Z</time></wpt>
  <wpt lat="32.6008729" lon="-115.4816521"><time>2026-01-01T00:05:54Z</time></wpt>
  <wpt lat="32.6008752" lon="-115.4816374"><time>2026-01-01T00:05:55Z</time></wpt>
  <wpt lat="32.6008775" lon="-115.4816228"><time>2026-01-01T00:05:56Z</time></wpt>
  <wpt lat="32.6008798" lon="-115.4816081"><time>2026-01-01T00:05:57Z</time></wpt>
  <wpt lat="32.6008822" lon="-115.4815935"><time>2026-01-01T00:05:58Z</time></wpt>
  <wpt lat="32.6008845" lon="-115.4815788"><time>2026-01-01T00:05:59Z</time></wpt>
  <wpt lat="32.6008868" lon="-115.4815642"><time>2026-01-01T00:06:00Z</time></wpt>
  <wpt lat="32.6008892" lon="-115.4815495"><time>2026-01-01T00:06:01Z</time></wpt>
  <wpt lat="32.6008915" lon="-115.4815349"><time>2026-01-01T00:06:02Z</time></wpt>
  <wpt lat="32.6008938" lon="-115.4815202"><time>2026-01-01T00:06:03Z</time></wpt>
  <wpt lat="32.6008961" lon="-115.4815056"><time>2026-01-01T00:06:04Z</time></wpt>
  <wpt lat="32.6008985" lon="-115.4814909"><time>2026-01-01T00:06:05Z</time></wpt>
  <wpt lat="32.6009008" lon="-115.4814762"><time>2026-01-01T00:06:06Z</time></wpt>
  <wpt lat="32.6009031" lon="-115.4814616"><time>2026-01-01T00:06:07Z</time></wpt>
  <wpt lat="32.6009055" lon="-115.4814469"><time>2026-01-01T00:06:08Z</time></wpt>
  <wpt lat="32.6009078" lon="-115.4814323"><time>2026-01-01T00:06:09Z</time></wpt>
  <wpt lat="32.6009101" lon="-115.4814176"><time>2026-01-01T00:06:10Z</time></wpt>
  <wpt lat="32.6009124" lon="-115.4814030"><time>2026-01-01T00:06:11Z</time></wpt>
  <wpt lat="32.6009148" lon="-115.4813883"><time>2026-01-01T00:06:12Z</time></wpt>
  <wpt lat="32.6009171" lon="-115.4813737"><time>2026-01-01T00:06:13Z</time></wpt>
  <wpt lat="32.6009194" lon="-115.4813590"><time>2026-01-01T00:06:14Z</time></wpt>
  <wpt lat="32.6009218" lon="-115.4813444"><time>2026-01-01T00:06:15Z</time></wpt>
  <wpt lat="32.6009241" lon="-115.4813297"><time>2026-01-01T00:06:16Z</time></wpt>
  <wpt lat="32.6009264" lon="-115.4813151"><time>2026-01-01T00:06:17Z</time></wpt>
  <wpt lat="32.6009287" lon="-115.4813004"><time>2026-01-01T00:06:18Z</time></wpt>
  <wpt lat="32.6009311" lon="-115.4812858"><time>2026-01-01T00:06:19Z</time></wpt>
  <wpt lat="32.6009334" lon="-115.4812711"><time>2026-01-01T00:06:20Z</time></wpt>
  <wpt lat="32.6009357" lon="-115.4812564"><time>2026-01-01T00:06:21Z</time></wpt>
  <wpt lat="32.6009381" lon="-115.4812418"><time>2026-01-01T00:06:22Z</time></wpt>
  <wpt lat="32.6009404" lon="-115.4812271"><time>2026-01-01T00:06:23Z</time></wpt>
  <wpt lat="32.6009427" lon="-115.4812125"><time>2026-01-01T00:06:24Z</time></wpt>
  <wpt lat="32.6009451" lon="-115.4811978"><time>2026-01-01T00:06:25Z</time></wpt>
  <wpt lat="32.6009474" lon="-115.4811832"><time>2026-01-01T00:06:26Z</time></wpt>
  <wpt lat="32.6009497" lon="-115.4811685"><time>2026-01-01T00:06:27Z</time></wpt>
  <wpt lat="32.6009520" lon="-115.4811539"><time>2026-01-01T00:06:28Z</time></wpt>
  <wpt lat="32.6009544" lon="-115.4811392"><time>2026-01-01T00:06:29Z</time></wpt>
  <wpt lat="32.6009567" lon="-115.4811246"><time>2026-01-01T00:06:30Z</time></wpt>
  <wpt lat="32.6009590" lon="-115.4811099"><time>2026-01-01T00:06:31Z</time></wpt>
  <wpt lat="32.6009614" lon="-115.4810953"><time>2026-01-01T00:06:32Z</time></wpt>
  <wpt lat="32.6009637" lon="-115.4810806"><time>2026-01-01T00:06:33Z</time></wpt>
  <wpt lat="32.6009660" lon="-115.4810659"><time>2026-01-01T00:06:34Z</time></wpt>
  <wpt lat="32.6009683" lon="-115.4810513"><time>2026-01-01T00:06:35Z</time></wpt>
  <wpt lat="32.6009707" lon="-115.4810366"><time>2026-01-01T00:06:36Z</time></wpt>
  <wpt lat="32.6009730" lon="-115.4810220"><time>2026-01-01T00:06:37Z</time></wpt>
  <wpt lat="32.6009753" lon="-115.4810073"><time>2026-01-01T00:06:38Z</time></wpt>
  <wpt lat="32.6009777" lon="-115.4809927"><time>2026-01-01T00:06:39Z</time></wpt>
  <wpt lat="32.6009800" lon="-115.4809780"><time>2026-01-01T00:06:40Z</time></wpt>
  <wpt lat="32.6009823" lon="-115.4809634"><time>2026-01-01T00:06:41Z</time></wpt>
  <wpt lat="32.6009846" lon="-115.4809487"><time>2026-01-01T00:06:42Z</time></wpt>
  <wpt lat="32.6009870" lon="-115.4809341"><time>2026-01-01T00:06:43Z</time></wpt>
  <wpt lat="32.6009893" lon="-115.4809194"><time>2026-01-01T00:06:44Z</time></wpt>
  <wpt lat="32.6009916" lon="-115.4809048"><time>2026-01-01T00:06:45Z</time></wpt>
  <wpt lat="32.6009940" lon="-115.4808901"><time>2026-01-01T00:06:46Z</time></wpt>
  <wpt lat="32.6009963" lon="-115.4808755"><time>2026-01-01T00:06:47Z</time></wpt>
  <wpt lat="32.6009986" lon="-115.4808608"><time>2026-01-01T00:06:48Z</time></wpt>
  <wpt lat="32.6010009" lon="-115.4808461"><time>2026-01-01T00:06:49Z</time></wpt>
  <wpt lat="32.6010033" lon="-115.4808315"><time>2026-01-01T00:06:50Z</time></wpt>
  <wpt lat="32.6010056" lon="-115.4808168"><time>2026-01-01T00:06:51Z</time></wpt>
  <wpt lat="32.6010079" lon="-115.4808022"><time>2026-01-01T00:06:52Z</time></wpt>
  <wpt lat="32.6010103" lon="-115.4807875"><time>2026-01-01T00:06:53Z</time></wpt>
  <wpt lat="32.6010126" lon="-115.4807729"><time>2026-01-01T00:06:54Z</time></wpt>
  <wpt lat="32.6010149" lon="-115.4807582"><time>2026-01-01T00:06:55Z</time></wpt>
  <wpt lat="32.6010172" lon="-115.4807436"><time>2026-01-01T00:06:56Z</time></wpt>
  <wpt lat="32.6010196" lon="-115.4807289"><time>2026-01-01T00:06:57Z</time></wpt>
  <wpt lat="32.6010219" lon="-115.4807143"><time>2026-01-01T00:06:58Z</time></wpt>
  <wpt lat="32.6010242" lon="-115.4806996"><time>2026-01-01T00:06:59Z</time></wpt>
  <wpt lat="32.6010266" lon="-115.4806850"><time>2026-01-01T00:07:00Z</time></wpt>
  <wpt lat="32.6010289" lon="-115.4806703"><time>2026-01-01T00:07:01Z</time></wpt>
  <wpt lat="32.6010312" lon="-115.4806556"><time>2026-01-01T00:07:02Z</time></wpt>
  <wpt lat="32.6010335" lon="-115.4806410"><time>2026-01-01T00:07:03Z</time></wpt>
  <wpt lat="32.6010359" lon="-115.4806263"><time>2026-01-01T00:07:04Z</time></wpt>
  <wpt lat="32.6010382" lon="-115.4806117"><time>2026-01-01T00:07:05Z</time></wpt>
  <wpt lat="32.6010405" lon="-115.4805970"><time>2026-01-01T00:07:06Z</time></wpt>
  <wpt lat="32.6010429" lon="-115.4805824"><time>2026-01-01T00:07:07Z</time></wpt>
  <wpt lat="32.6010452" lon="-115.4805677"><time>2026-01-01T00:07:08Z</time></wpt>
  <wpt lat="32.6010475" lon="-115.4805531"><time>2026-01-01T00:07:09Z</time></wpt>
  <wpt lat="32.6010499" lon="-115.4805384"><time>2026-01-01T00:07:10Z</time></wpt>
  <wpt lat="32.6010522" lon="-115.4805238"><time>2026-01-01T00:07:11Z</time></wpt>
  <wpt lat="32.6010545" lon="-115.4805091"><time>2026-01-01T00:07:12Z</time></wpt>
  <wpt lat="32.6010568" lon="-115.4804945"><time>2026-01-01T00:07:13Z</time></wpt>
  <wpt lat="32.6010592" lon="-115.4804798"><time>2026-01-01T00:07:14Z</time></wpt>
  <wpt lat="32.6010615" lon="-115.4804652"><time>2026-01-01T00:07:15Z</time></wpt>
  <wpt lat="32.6010638" lon="-115.4804505"><time>2026-01-01T00:07:16Z</time></wpt>
  <wpt lat="32.6010662" lon="-115.4804358"><time>2026-01-01T00:07:17Z</time></wpt>
  <wpt lat="32.6010685" lon="-115.4804212"><time>2026-01-01T00:07:18Z</time></wpt>
  <wpt lat="32.6010708" lon="-115.4804065"><time>2026-01-01T00:07:19Z</time></wpt>
  <wpt lat="32.6010731" lon="-115.4803919"><time>2026-01-01T00:07:20Z</time></wpt>
  <wpt lat="32.6010755" lon="-115.4803772"><time>2026-01-01T00:07:21Z</time></wpt>
  <wpt lat="32.6010778" lon="-115.4803626"><time>2026-01-01T00:07:22Z</time></wpt>
  <wpt lat="32.6010801" lon="-115.4803479"><time>2026-01-01T00:07:23Z</time></wpt>
  <wpt lat="32.6010825" lon="-115.4803333"><time>2026-01-01T00:07:24Z</time></wpt>
  <wpt lat="32.6010848" lon="-115.4803186"><time>2026-01-01T00:07:25Z</time></wpt>
  <wpt lat="32.6010871" lon="-115.4803040"><time>2026-01-01T00:07:26Z</time></wpt>
  <wpt lat="32.6010894" lon="-115.4802893"><time>2026-01-01T00:07:27Z</time></wpt>
  <wpt lat="32.6010918" lon="-115.4802747"><time>2026-01-01T00:07:28Z</time></wpt>
  <wpt lat="32.6010941" lon="-115.4802600"><time>2026-01-01T00:07:29Z</time></wpt>
  <wpt lat="32.6010964" lon="-115.4802453"><time>2026-01-01T00:07:30Z</time></wpt>
  <wpt lat="32.6010988" lon="-115.4802307"><time>2026-01-01T00:07:31Z</time></wpt>
  <wpt lat="32.6011011" lon="-115.4802160"><time>2026-01-01T00:07:32Z</time></wpt>
  <wpt lat="32.6011034" lon="-115.4802014"><time>2026-01-01T00:07:33Z</time></wpt>
  <wpt lat="32.6011057" lon="-115.4801867"><time>2026-01-01T00:07:34Z</time></wpt>
  <wpt lat="32.6011081" lon="-115.4801721"><time>2026-01-01T00:07:35Z</time></wpt>
  <wpt lat="32.6011104" lon="-115.4801574"><time>2026-01-01T00:07:36Z</time></wpt>
  <wpt lat="32.6011127" lon="-115.4801428"><time>2026-01-01T00:07:37Z</time></wpt>
  <wpt lat="32.6011151" lon="-115.4801281"><time>2026-01-01T00:07:38Z</time></wpt>
  <wpt lat="32.6011174" lon="-115.4801135"><time>2026-01-01T00:07:39Z</time></wpt>
  <wpt lat="32.6011197" lon="-115.4800988"><time>2026-01-01T00:07:40Z</time></wpt>
  <wpt lat="32.6011220" lon="-115.4800842"><time>2026-01-01T00:07:41Z</time></wpt>
  <wpt lat="32.6011244" lon="-115.4800695"><time>2026-01-01T00:07:42Z</time></wpt>
  <wpt lat="32.6011267" lon="-115.4800548"><time>2026-01-01T00:07:43Z</time></wpt>
  <wpt lat="32.6011290" lon="-115.4800402"><time>2026-01-01T00:07:44Z</time></wpt>
  <wpt lat="32.6011314" lon="-115.4800255"><time>2026-01-01T00:07:45Z</time></wpt>
  <wpt lat="32.6011337" lon="-115.4800109"><time>2026-01-01T00:07:46Z</time></wpt>
  <wpt lat="32.6011360" lon="-115.4799962"><time>2026-01-01T00:07:47Z</time></wpt>
  <wpt lat="32.6011384" lon="-115.4799816"><time>2026-01-01T00:07:48Z</time></wpt>
  <wpt lat="32.6011407" lon="-115.4799669"><time>2026-01-01T00:07:49Z</time></wpt>
  <wpt lat="32.6011430" lon="-115.4799523"><time>2026-01-01T00:07:50Z</time></wpt>
  <wpt lat="32.6011453" lon="-115.4799376"><time>2026-01-01T00:07:51Z</time></wpt>
  <wpt lat="32.6011477" lon="-115.4799230"><time>2026-01-01T00:07:52Z</time></wpt>
  <wpt lat="32.6011500" lon="-115.4799083"><time>2026-01-01T00:07:53Z</time></wpt>
  <wpt lat="32.6011523" lon="-115.4798937"><time>2026-01-01T00:07:54Z</time></wpt>
  <wpt lat="32.6011547" lon="-115.4798790"><time>2026-01-01T00:07:55Z</time></wpt>
  <wpt lat="32.6011570" lon="-115.4798644"><time>2026-01-01T00:07:56Z</time></wpt>
  <wpt lat="32.6011593" lon="-115.4798497"><time>2026-01-01T00:07:57Z</time></wpt>
  <wpt lat="32.6011616" lon="-115.4798350"><time>2026-01-01T00:07:58Z</time></wpt>
  <wpt lat="32.6011640" lon="-115.4798204"><time>2026-01-01T00:07:59Z</time></wpt>
  <wpt lat="32.6011663" lon="-115.4798057"><time>2026-01-01T00:08:00Z</time></wpt>
  <wpt lat="32.6011686" lon="-115.4797911"><time>2026-01-01T00:08:01Z</time></wpt>
  <wpt lat="32.6011710" lon="-115.4797764"><time>2026-01-01T00:08:02Z</time></wpt>
  <wpt lat="32.6011733" lon="-115.4797618"><time>2026-01-01T00:08:03Z</time></wpt>
  <wpt lat="32.6011756" lon="-115.4797471"><time>2026-01-01T00:08:04Z</time></wpt>
  <wpt lat="32.6011779" lon="-115.4797325"><time>2026-01-01T00:08:05Z</time></wpt>
  <wpt lat="32.6011803" lon="-115.4797178"><time>2026-01-01T00:08:06Z</time></wpt>
  <wpt lat="32.6011826" lon="-115.4797032"><time>2026-01-01T00:08:07Z</time></wpt>
  <wpt lat="32.6011849" lon="-115.4796885"><time>2026-01-01T00:08:08Z</time></wpt>
  <wpt lat="32.6011873" lon="-115.4796739"><time>2026-01-01T00:08:09Z</time></wpt>
  <wpt lat="32.6011896" lon="-115.4796592"><time>2026-01-01T00:08:10Z</time></wpt>
  <wpt lat="32.6011919" lon="-115.4796445"><time>2026-01-01T00:08:11Z</time></wpt>
  <wpt lat="32.6011942" lon="-115.4796299"><time>2026-01-01T00:08:12Z</time></wpt>
  <wpt lat="32.6011966" lon="-115.4796152"><time>2026-01-01T00:08:13Z</time></wpt>
  <wpt lat="32.6011989" lon="-115.4796006"><time>2026-01-01T00:08:14Z</time></wpt>
  <wpt lat="32.6012012" lon="-115.4795859"><time>2026-01-01T00:08:15Z</time></wpt>
  <wpt lat="32.6012036" lon="-115.4795713"><time>2026-01-01T00:08:16Z</time></wpt>
  <wpt lat="32.6012059" lon="-115.4795566"><time>2026-01-01T00:08:17Z</time></wpt>
  <wpt lat="32.6012082" lon="-115.4795420"><time>2026-01-01T00:08:18Z</time></wpt>
  <wpt lat="32.6012105" lon="-115.4795273"><time>2026-01-01T00:08:19Z</time></wpt>
  <wpt lat="32.6012129" lon="-115.4795127"><time>2026-01-01T00:08:20Z</time></wpt>
  <wpt lat="32.6012152" lon="-115.4794980"><time>2026-01-01T00:08:21Z</time></wpt>
  <wpt lat="32.6012175" lon="-115.4794834"><time>2026-01-01T00:08:22Z</time></wpt>
  <wpt lat="32.6012199" lon="-115.4794687"><time>2026-01-01T00:08:23Z</time></wpt>
  <wpt lat="32.6012222" lon="-115.4794541"><time>2026-01-01T00:08:24Z</time></wpt>
  <wpt lat="32.6012245" lon="-115.4794394"><time>2026-01-01T00:08:25Z</time></wpt>
  <wpt lat="32.6012269" lon="-115.4794247"><time>2026-01-01T00:08:26Z</time></wpt>
  <wpt lat="32.6012292" lon="-115.4794101"><time>2026-01-01T00:08:27Z</time></wpt>
  <wpt lat="32.6012315" lon="-115.4793954"><time>2026-01-01T00:08:28Z</time></wpt>
  <wpt lat="32.6012338" lon="-115.4793808"><time>2026-01-01T00:08:29Z</time></wpt>
  <wpt lat="32.6012362" lon="-115.4793661"><time>2026-01-01T00:08:30Z</time></wpt>
  <wpt lat="32.6012385" lon="-115.4793515"><time>2026-01-01T00:08:31Z</time></wpt>
  <wpt lat="32.6012408" lon="-115.4793368"><time>2026-01-01T00:08:32Z</time></wpt>
  <wpt lat="32.6012432" lon="-115.4793222"><time>2026-01-01T00:08:33Z</time></wpt>
  <wpt lat="32.6012455" lon="-115.4793075"><time>2026-01-01T00:08:34Z</time></wpt>
  <wpt lat="32.6012478" lon="-115.4792929"><time>2026-01-01T00:08:35Z</time></wpt>
  <wpt lat="32.6012501" lon="-115.4792782"><time>2026-01-01T00:08:36Z</time></wpt>
  <wpt lat="32.6012525" lon="-115.4792636"><time>2026-01-01T00:08:37Z</time></wpt>
  <wpt lat="32.6012548" lon="-115.4792489"><time>2026-01-01T00:08:38Z</time></wpt>
  <wpt lat="32.6012571" lon="-115.4792342"><time>2026-01-01T00:08:39Z</time></wpt>
  <wpt lat="32.6012595" lon="-115.4792196"><time>2026-01-01T00:08:40Z</time></wpt>
  <wpt lat="32.6012618" lon="-115.4792049"><time>2026-01-01T00:08:41Z</time></wpt>
  <wpt lat="32.6012641" lon="-115.4791903"><time>2026-01-01T00:08:42Z</time></wpt>
  <wpt lat="32.6012664" lon="-115.4791756"><time>2026-01-01T00:08:43Z</time></wpt>
  <wpt lat="32.6012688" lon="-115.4791610"><time>2026-01-01T00:08:44Z</time></wpt>
  <wpt lat="32.6012711" lon="-115.4791463"><time>2026-01-01T00:08:45Z</time></wpt>
  <wpt lat="32.6012734" lon="-115.4791317"><time>2026-01-01T00:08:46Z</time></wpt>
  <wpt lat="32.6012758" lon="-115.4791170"><time>2026-01-01T00:08:47Z</time></wpt>
  <wpt lat="32.6012781" lon="-115.4791024"><time>2026-01-01T00:08:48Z</time></wpt>
  <wpt lat="32.6012804" lon="-115.4790877"><time>2026-01-01T00:08:49Z</time></wpt>
  <wpt lat="32.6012827" lon="-115.4790731"><time>2026-01-01T00:08:50Z</time></wpt>
  <wpt lat="32.6012851" lon="-115.4790584"><time>2026-01-01T00:08:51Z</time></wpt>
  <wpt lat="32.6012874" lon="-115.4790437"><time>2026-01-01T00:08:52Z</time></wpt>
  <wpt lat="32.6012897" lon="-115.4790291"><time>2026-01-01T00:08:53Z</time></wpt>
  <wpt lat="32.6012921" lon="-115.4790144"><time>2026-01-01T00:08:54Z</time></wpt>
  <wpt lat="32.6012944" lon="-115.4789998"><time>2026-01-01T00:08:55Z</time></wpt>
  <wpt lat="32.6012967" lon="-115.4789851"><time>2026-01-01T00:08:56Z</time></wpt>
  <wpt lat="32.6012990" lon="-115.4789705"><time>2026-01-01T00:08:57Z</time></wpt>
  <wpt lat="32.6013014" lon="-115.4789558"><time>2026-01-01T00:08:58Z</time></wpt>
  <wpt lat="32.6013037" lon="-115.4789412"><time>2026-01-01T00:08:59Z</time></wpt>
  <wpt lat="32.6013060" lon="-115.4789265"><time>2026-01-01T00:09:00Z</time></wpt>
  <wpt lat="32.6013084" lon="-115.4789119"><time>2026-01-01T00:09:01Z</time></wpt>
  <wpt lat="32.6013107" lon="-115.4788972"><time>2026-01-01T00:09:02Z</time></wpt>
  <wpt lat="32.6013130" lon="-115.4788826"><time>2026-01-01T00:09:03Z</time></wpt>
  <wpt lat="32.6013154" lon="-115.4788679"><time>2026-01-01T00:09:04Z</time></wpt>
  <wpt lat="32.6013177" lon="-115.4788533"><time>2026-01-01T00:09:05Z</time></wpt>
  <wpt lat="32.6013200" lon="-115.4788386"><time>2026-01-01T00:09:06Z</time></wpt>
  <wpt lat="32.6013223" lon="-115.4788239"><time>2026-01-01T00:09:07Z</time></wpt>
  <wpt lat="32.6013247" lon="-115.4788093"><time>2026-01-01T00:09:08Z</time></wpt>
  <wpt lat="32.6013270" lon="-115.4787946"><time>2026-01-01T00:09:09Z</time></wpt>
  <wpt lat="32.6013293" lon="-115.4787800"><time>2026-01-01T00:09:10Z</time></wpt>
  <wpt lat="32.6013317" lon="-115.4787653"><time>2026-01-01T00:09:11Z</time></wpt>
  <wpt lat="32.6013340" lon="-115.4787507"><time>2026-01-01T00:09:12Z</time></wpt>
  <wpt lat="32.6013363" lon="-115.4787360"><time>2026-01-01T00:09:13Z</time></wpt>
  <wpt lat="32.6013386" lon="-115.4787214"><time>2026-01-01T00:09:14Z</time></wpt>
  <wpt lat="32.6013410" lon="-115.4787067"><time>2026-01-01T00:09:15Z</time></wpt>
  <wpt lat="32.6013433" lon="-115.4786921"><time>2026-01-01T00:09:16Z</time></wpt>
  <wpt lat="32.6013456" lon="-115.4786774"><time>2026-01-01T00:09:17Z</time></wpt>
  <wpt lat="32.6013480" lon="-115.4786628"><time>2026-01-01T00:09:18Z</time></wpt>
  <wpt lat="32.6013503" lon="-115.4786481"><time>2026-01-01T00:09:19Z</time></wpt>
  <wpt lat="32.6013526" lon="-115.4786334"><time>2026-01-01T00:09:20Z</time></wpt>
  <wpt lat="32.6013549" lon="-115.4786188"><time>2026-01-01T00:09:21Z</time></wpt>
  <wpt lat="32.6013573" lon="-115.4786041"><time>2026-01-01T00:09:22Z</time></wpt>
  <wpt lat="32.6013596" lon="-115.4785895"><time>2026-01-01T00:09:23Z</time></wpt>
  <wpt lat="32.6013619" lon="-115.4785748"><time>2026-01-01T00:09:24Z</time></wpt>
  <wpt lat="32.6013643" lon="-115.4785602"><time>2026-01-01T00:09:25Z</time></wpt>
  <wpt lat="32.6013666" lon="-115.4785455"><time>2026-01-01T00:09:26Z</time></wpt>
  <wpt lat="32.6013689" lon="-115.4785309"><time>2026-01-01T00:09:27Z</time></wpt>
  <wpt lat="32.6013712" lon="-115.4785162"><time>2026-01-01T00:09:28Z</time></wpt>
  <wpt lat="32.6013736" lon="-115.4785016"><time>2026-01-01T00:09:29Z</time></wpt>
  <wpt lat="32.6013759" lon="-115.4784869"><time>2026-01-01T00:09:30Z</time></wpt>
  <wpt lat="32.6013782" lon="-115.4784723"><time>2026-01-01T00:09:31Z</time></wpt>
  <wpt lat="32.6013806" lon="-115.4784576"><time>2026-01-01T00:09:32Z</time></wpt>
  <wpt lat="32.6013829" lon="-115.4784430"><time>2026-01-01T00:09:33Z</time></wpt>
  <wpt lat="32.6013852" lon="-115.4784283"><time>2026-01-01T00:09:34Z</time></wpt>
  <wpt lat="32.6013875" lon="-115.4784136"><time>2026-01-01T00:09:35Z</time></wpt>
  <wpt lat="32.6013899" lon="-115.4783990"><time>2026-01-01T00:09:36Z</time></wpt>
  <wpt lat="32.6013922" lon="-115.4783843"><time>2026-01-01T00:09:37Z</time></wpt>
  <wpt lat="32.6013945" lon="-115.4783697"><time>2026-01-01T00:09:38Z</time></wpt>
  <wpt lat="32.6013969" lon="-115.4783550"><time>2026-01-01T00:09:39Z</time></wpt>
  <wpt lat="32.6013992" lon="-115.4783404"><time>2026-01-01T00:09:40Z</time></wpt>
  <wpt lat="32.6014015" lon="-115.4783257"><time>2026-01-01T00:09:41Z</time></wpt>
  <wpt lat="32.6014038" lon="-115.4783111"><time>2026-01-01T00:09:42Z</time></wpt>
  <wpt lat="32.6014062" lon="-115.4782964"><time>2026-01-01T00:09:43Z</time></wpt>
  <wpt lat="32.6014085" lon="-115.4782818"><time>2026-01-01T00:09:44Z</time></wpt>
  <wpt lat="32.6014108" lon="-115.4782671"><time>2026-01-01T00:09:45Z</time></wpt>
  <wpt lat="32.6014132" lon="-115.4782525"><time>2026-01-01T00:09:46Z</time></wpt>
  <wpt lat="32.6014155" lon="-115.4782378"><time>2026-01-01T00:09:47Z</time></wpt>
  <wpt lat="32.6014178" lon="-115.4782231"><time>2026-01-01T00:09:48Z</time></wpt>
  <wpt lat="32.6014202" lon="-115.4782085"><time>2026-01-01T00:09:49Z</time></wpt>
  <wpt lat="32.6014225" lon="-115.4781938"><time>2026-01-01T00:09:50Z</time></wpt>
  <wpt lat="32.6014248" lon="-115.4781792"><time>2026-01-01T00:09:51Z</time></wpt>
  <wpt lat="32.6014271" lon="-115.4781645"><time>2026-01-01T00:09:52Z</time></wpt>
  <wpt lat="32.6014295" lon="-115.4781499"><time>2026-01-01T00:09:53Z</time></wpt>
  <wpt lat="32.6014318" lon="-115.4781352"><time>2026-01-01T00:09:54Z</time></wpt>
  <wpt lat="32.6014341" lon="-115.4781206"><time>2026-01-01T00:09:55Z</time></wpt>
  <wpt lat="32.6014365" lon="-115.4781059"><time>2026-01-01T00:09:56Z</time></wpt>
  <wpt lat="32.6014388" lon="-115.4780913"><time>2026-01-01T00:09:57Z</time></wpt>
  <wpt lat="32.6014411" lon="-115.4780766"><time>2026-01-01T00:09:58Z</time></wpt>
  <wpt lat="32.6014434" lon="-115.4780620"><time>2026-01-01T00:09:59Z</time></wpt>
  <wpt lat="32.6014458" lon="-115.4780473"><time>2026-01-01T00:10:00Z</time></wpt>
  <wpt lat="32.6014481" lon="-115.4780327"><time>2026-01-01T00:10:01Z</time></wpt>
  <wpt lat="32.6014504" lon="-115.4780180"><time>2026-01-01T00:10:02Z</time></wpt>
  <wpt lat="32.6014528" lon="-115.4780033"><time>2026-01-01T00:10:03Z</time></wpt>
  <wpt lat="32.6014551" lon="-115.4779887"><time>2026-01-01T00:10:04Z</time></wpt>
  <wpt lat="32.6014574" lon="-115.4779740"><time>2026-01-01T00:10:05Z</time></wpt>
  <wpt lat="32.6014597" lon="-115.4779594"><time>2026-01-01T00:10:06Z</time></wpt>
  <wpt lat="32.6014621" lon="-115.4779447"><time>2026-01-01T00:10:07Z</time></wpt>
  <wpt lat="32.6014644" lon="-115.4779301"><time>2026-01-01T00:10:08Z</time></wpt>
  <wpt lat="32.6014667" lon="-115.4779154"><time>2026-01-01T00:10:09Z</time></wpt>
  <wpt lat="32.6014691" lon="-115.4779008"><time>2026-01-01T00:10:10Z</time></wpt>
  <wpt lat="32.6014714" lon="-115.4778861"><time>2026-01-01T00:10:11Z</time></wpt>
  <wpt lat="32.6014737" lon="-115.4778715"><time>2026-01-01T00:10:12Z</time></wpt>
  <wpt lat="32.6014760" lon="-115.4778568"><time>2026-01-01T00:10:13Z</time></wpt>
  <wpt lat="32.6014784" lon="-115.4778422"><time>2026-01-01T00:10:14Z</time></wpt>
  <wpt lat="32.6014807" lon="-115.4778275"><time>2026-01-01T00:10:15Z</time></wpt>
  <wpt lat="32.6014830" lon="-115.4778128"><time>2026-01-01T00:10:16Z</time></wpt>
  <wpt lat="32.6014854" lon="-115.4777982"><time>2026-01-01T00:10:17Z</time></wpt>
  <wpt lat="32.6014877" lon="-115.4777835"><time>2026-01-01T00:10:18Z</time></wpt>
  <wpt lat="32.6014900" lon="-115.4777689"><time>2026-01-01T00:10:19Z</time></wpt>
  <wpt lat="32.6014923" lon="-115.4777542"><time>2026-01-01T00:10:20Z</time></wpt>
  <wpt lat="32.6014947" lon="-115.4777396"><time>2026-01-01T00:10:21Z</time></wpt>
  <wpt lat="32.6014970" lon="-115.4777249"><time>2026-01-01T00:10:22Z</time></wpt>
  <wpt lat="32.6014993" lon="-115.4777103"><time>2026-01-01T00:10:23Z</time></wpt>
  <wpt lat="32.6015017" lon="-115.4776956"><time>2026-01-01T00:10:24Z</time></wpt>
  <wpt lat="32.6015040" lon="-115.4776810"><time>2026-01-01T00:10:25Z</time></wpt>
  <wpt lat="32.6015063" lon="-115.4776663"><time>2026-01-01T00:10:26Z</time></wpt>
  <wpt lat="32.6015087" lon="-115.4776517"><time>2026-01-01T00:10:27Z</time></wpt>
  <wpt lat="32.6015110" lon="-115.4776370"><time>2026-01-01T00:10:28Z</time></wpt>
  <wpt lat="32.6015133" lon="-115.4776223"><time>2026-01-01T00:10:29Z</time></wpt>
  <wpt lat="32.6015156" lon="-115.4776077"><time>2026-01-01T00:10:30Z</time></wpt>
  <wpt lat="32.6015180" lon="-115.4775930"><time>2026-01-01T00:10:31Z</time></wpt>
  <wpt lat="32.6015203" lon="-115.4775784"><time>2026-01-01T00:10:32Z</time></wpt>
  <wpt lat="32.6015226" lon="-115.4775637"><time>2026-01-01T00:10:33Z</time></wpt>
  <wpt lat="32.6015250" lon="-115.4775491"><time>2026-01-01T00:10:34Z</time></wpt>
  <wpt lat="32.6015273" lon="-115.4775344"><time>2026-01-01T00:10:35Z</time></wpt>
  <wpt lat="32.6015296" lon="-115.4775198"><time>2026-01-01T00:10:36Z</time></wpt>
  <wpt lat="32.6015319" lon="-115.4775051"><time>2026-01-01T00:10:37Z</time></wpt>
  <wpt lat="32.6015343" lon="-115.4774905"><time>2026-01-01T00:10:38Z</time></wpt>
  <wpt lat="32.6015366" lon="-115.4774758"><time>2026-01-01T00:10:39Z</time></wpt>
  <wpt lat="32.6015389" lon="-115.4774612"><time>2026-01-01T00:10:40Z</time></wpt>
  <wpt lat="32.6015413" lon="-115.4774465"><time>2026-01-01T00:10:41Z</time></wpt>
  <wpt lat="32.6015436" lon="-115.4774319"><time>2026-01-01T00:10:42Z</time></wpt>
  <wpt lat="32.6015459" lon="-115.4774172"><time>2026-01-01T00:10:43Z</time></wpt>
  <wpt lat="32.6015482" lon="-115.4774025"><time>2026-01-01T00:10:44Z</time></wpt>
  <wpt lat="32.6015506" lon="-115.4773879"><time>2026-01-01T00:10:45Z</time></wpt>
  <wpt lat="32.6015529" lon="-115.4773732"><time>2026-01-01T00:10:46Z</time></wpt>
  <wpt lat="32.6015552" lon="-115.4773586"><time>2026-01-01T00:10:47Z</time></wpt>
  <wpt lat="32.6015576" lon="-115.4773439"><time>2026-01-01T00:10:48Z</time></wpt>
  <wpt lat="32.6015599" lon="-115.4773293"><time>2026-01-01T00:10:49Z</time></wpt>
  <wpt lat="32.6015622" lon="-115.4773146"><time>2026-01-01T00:10:50Z</time></wpt>
  <wpt lat="32.6015645" lon="-115.4773000"><time>2026-01-01T00:10:51Z</time></wpt>
  <wpt lat="32.6015669" lon="-115.4772853"><time>2026-01-01T00:10:52Z</time></wpt>
  <wpt lat="32.6015692" lon="-115.4772707"><time>2026-01-01T00:10:53Z</time></wpt>
  <wpt lat="32.6015715" lon="-115.4772560"><time>2026-01-01T00:10:54Z</time></wpt>
  <wpt lat="32.6015739" lon="-115.4772414"><time>2026-01-01T00:10:55Z</time></wpt>
  <wpt lat="32.6015762" lon="-115.4772267"><time>2026-01-01T00:10:56Z</time></wpt>
  <wpt lat="32.6015785" lon="-115.4772120"><time>2026-01-01T00:10:57Z</time></wpt>
  <wpt lat="32.6015808" lon="-115.4771974"><time>2026-01-01T00:10:58Z</time></wpt>
  <wpt lat="32.6015832" lon="-115.4771827"><time>2026-01-01T00:10:59Z</time></wpt>
  <wpt lat="32.6015855" lon="-115.4771681"><time>2026-01-01T00:11:00Z</time></wpt>
  <wpt lat="32.6015878" lon="-115.4771534"><time>2026-01-01T00:11:01Z</time></wpt>
  <wpt lat="32.6015902" lon="-115.4771388"><time>2026-01-01T00:11:02Z</time></wpt>
  <wpt lat="32.6015925" lon="-115.4771241"><time>2026-01-01T00:11:03Z</time></wpt>
  <wpt lat="32.6015948" lon="-115.4771095"><time>2026-01-01T00:11:04Z</time></wpt>
  <wpt lat="32.6015972" lon="-115.4770948"><time>2026-01-01T00:11:05Z</time></wpt>
  <wpt lat="32.6015995" lon="-115.4770802"><time>2026-01-01T00:11:06Z</time></wpt>
  <wpt lat="32.6016018" lon="-115.4770655"><time>2026-01-01T00:11:07Z</time></wpt>
  <wpt lat="32.6016041" lon="-115.4770509"><time>2026-01-01T00:11:08Z</time></wpt>
  <wpt lat="32.6016065" lon="-115.4770362"><time>2026-01-01T00:11:09Z</time></wpt>
  <wpt lat="32.6016088" lon="-115.4770216"><time>2026-01-01T00:11:10Z</time></wpt>
  <wpt lat="32.6016111" lon="-115.4770069"><time>2026-01-01T00:11:11Z</time></wpt>
  <wpt lat="32.6016135" lon="-115.4769922"><time>2026-01-01T00:11:12Z</time></wpt>
  <wpt lat="32.6016158" lon="-115.4769776"><time>2026-01-01T00:11:13Z</time></wpt>
  <wpt lat="32.6016181" lon="-115.4769629"><time>2026-01-01T00:11:14Z</time></wpt>
  <wpt lat="32.6016204" lon="-115.4769483"><time>2026-01-01T00:11:15Z</time></wpt>
  <wpt lat="32.6016228" lon="-115.4769336"><time>2026-01-01T00:11:16Z</time></wpt>
  <wpt lat="32.6016251" lon="-115.4769190"><time>2026-01-01T00:11:17Z</time></wpt>
  <wpt lat="32.6016274" lon="-115.4769043"><time>2026-01-01T00:11:18Z</time></wpt>
  <wpt lat="32.6016298" lon="-115.4768897"><time>2026-01-01T00:11:19Z</time></wpt>
  <wpt lat="32.6016321" lon="-115.4768750"><time>2026-01-01T00:11:20Z</time></wpt>
  <wpt lat="32.6016344" lon="-115.4768604"><time>2026-01-01T00:11:21Z</time></wpt>
  <wpt lat="32.6016367" lon="-115.4768457"><time>2026-01-01T00:11:22Z</time></wpt>
  <wpt lat="32.6016391" lon="-115.4768311"><time>2026-01-01T00:11:23Z</time></wpt>
  <wpt lat="32.6016414" lon="-115.4768164"><time>2026-01-01T00:11:24Z</time></wpt>
  <wpt lat="32.6016414" lon="-115.4768164"><time>2026-01-01T00:11:25Z</time></wpt>
  <wpt lat="32.6016414" lon="-115.4768164"><time>2026-01-01T00:11:26Z</time></wpt>
  <wpt lat="32.6016414" lon="-115.4768164"><time>2026-01-01T00:11:27Z</time></wpt>
  <wpt lat="32.6016414" lon="-115.4768164"><time>2026-01-01T00:11:28Z</time></wpt>
  <wpt lat="32.6016414" lon="-115.4768164"><time>2026-01-01T00:11:29Z</time></wpt>
  <wpt lat="32.6016414" lon="-115.4768164"><time>2026-01-01T00:11:30Z</time></wpt>
  <wpt lat="32.6016414" lon="-115.4768164"><time>2026-01-01T00:11:31Z</time></wpt>
  <wpt lat="32.6016414" lon="-115.4768164"><time>2026-01-01T00:11:32Z</time></wpt>
  <wpt lat="32.6016414" lon="-115.4768164"><time>2026-01-01T00:11:33Z</time></wpt>
  <wpt lat="32.6016414" lon="-115.4768164"><time>2026-01-01T00:11:34Z</time></wpt>
  <wpt lat="32.6016414" lon="-115.4768164"><time>2026-01-01T00:11:35Z</time></wpt>
  <wpt lat="32.6016414" lon="-115.4768164"><time>2026-01-01T00:11:36Z</time></wpt>
  <wpt lat="32.6016414" lon="-115.4768164"><time>2026-01-01T00:11:37Z</time></wpt>
  <wpt lat="32.6016414" lon="-115.4768164"><time>2026-01-01T00:11:38Z</time></wpt>
  <wpt lat="32.6016414" lon="-115.4768164"><time>2026-01-01T00:11:39Z</time></wpt>
  <wpt lat="32.6016414" lon="-115.4768164"><time>2026-01-01T00:11:40Z</time></wpt>
  <wpt lat="32.6016505" lon="-115.4768061"><time>2026-01-01T00:11:41Z</time></wpt>
  <wpt lat="32.6016596" lon="-115.4767959"><time>2026-01-01T00:11:42Z</time></wpt>
  <wpt lat="32.6016687" lon="-115.4767856"><time>2026-01-01T00:11:43Z</time></wpt>
  <wpt lat="32.6016778" lon="-115.4767754"><time>2026-01-01T00:11:44Z</time></wpt>
  <wpt lat="32.6016869" lon="-115.4767651"><time>2026-01-01T00:11:45Z</time></wpt>
  <wpt lat="32.6016960" lon="-115.4767548"><time>2026-01-01T00:11:46Z</time></wpt>
  <wpt lat="32.6017050" lon="-115.4767446"><time>2026-01-01T00:11:47Z</time></wpt>
  <wpt lat="32.6017141" lon="-115.4767343"><time>2026-01-01T00:11:48Z</time></wpt>
  <wpt lat="32.6017232" lon="-115.4767241"><time>2026-01-01T00:11:49Z</time></wpt>
  <wpt lat="32.6017323" lon="-115.4767138"><time>2026-01-01T00:11:50Z</time></wpt>
  <wpt lat="32.6017414" lon="-115.4767035"><time>2026-01-01T00:11:51Z</time></wpt>
  <wpt lat="32.6017505" lon="-115.4766933"><time>2026-01-01T00:11:52Z</time></wpt>
  <wpt lat="32.6017596" lon="-115.4766830"><time>2026-01-01T00:11:53Z</time></wpt>
  <wpt lat="32.6017687" lon="-115.4766727"><time>2026-01-01T00:11:54Z</time></wpt>
  <wpt lat="32.6017778" lon="-115.4766625"><time>2026-01-01T00:11:55Z</time></wpt>
  <wpt lat="32.6017869" lon="-115.4766522"><time>2026-01-01T00:11:56Z</time></wpt>
  <wpt lat="32.6017960" lon="-115.4766420"><time>2026-01-01T00:11:57Z</time></wpt>
  <wpt lat="32.6018051" lon="-115.4766317"><time>2026-01-01T00:11:58Z</time></wpt>
  <wpt lat="32.6018142" lon="-115.4766214"><time>2026-01-01T00:11:59Z</time></wpt>
  <wpt lat="32.6018232" lon="-115.4766112"><time>2026-01-01T00:12:00Z</time></wpt>
  <wpt lat="32.6018323" lon="-115.4766009"><time>2026-01-01T00:12:01Z</time></wpt>
  <wpt lat="32.6018414" lon="-115.4765907"><time>2026-01-01T00:12:02Z</time></wpt>
  <wpt lat="32.6018505" lon="-115.4765804"><time>2026-01-01T00:12:03Z</time></wpt>
  <wpt lat="32.6018596" lon="-115.4765701"><time>2026-01-01T00:12:04Z</time></wpt>
  <wpt lat="32.6018687" lon="-115.4765599"><time>2026-01-01T00:12:05Z</time></wpt>
  <wpt lat="32.6018778" lon="-115.4765496"><time>2026-01-01T00:12:06Z</time></wpt>
  <wpt lat="32.6018869" lon="-115.4765394"><time>2026-01-01T00:12:07Z</time></wpt>
  <wpt lat="32.6018960" lon="-115.4765291"><time>2026-01-01T00:12:08Z</time></wpt>
  <wpt lat="32.6019051" lon="-115.4765188"><time>2026-01-01T00:12:09Z</time></wpt>
  <wpt lat="32.6019142" lon="-115.4765086"><time>2026-01-01T00:12:10Z</time></wpt>
  <wpt lat="32.6019233" lon="-115.4764983"><time>2026-01-01T00:12:11Z</time></wpt>
  <wpt lat="32.6019324" lon="-115.4764880"><time>2026-01-01T00:12:12Z</time></wpt>
  <wpt lat="32.6019414" lon="-115.4764778"><time>2026-01-01T00:12:13Z</time></wpt>
  <wpt lat="32.6019505" lon="-115.4764675"><time>2026-01-01T00:12:14Z</time></wpt>
  <wpt lat="32.6019596" lon="-115.4764573"><time>2026-01-01T00:12:15Z</time></wpt>
  <wpt lat="32.6019687" lon="-115.4764470"><time>2026-01-01T00:12:16Z</time></wpt>
  <wpt lat="32.6019778" lon="-115.4764367"><time>2026-01-01T00:12:17Z</time></wpt>
  <wpt lat="32.6019869" lon="-115.4764265"><time>2026-01-01T00:12:18Z</time></wpt>
  <wpt lat="32.6019960" lon="-115.4764162"><time>2026-01-01T00:12:19Z</time></wpt>
  <wpt lat="32.6020051" lon="-115.4764060"><time>2026-01-01T00:12:20Z</time></wpt>
  <wpt lat="32.6020142" lon="-115.4763957"><time>2026-01-01T00:12:21Z</time></wpt>
  <wpt lat="32.6020233" lon="-115.4763854"><time>2026-01-01T00:12:22Z</time></wpt>
  <wpt lat="32.6020324" lon="-115.4763752"><time>2026-01-01T00:12:23Z</time></wpt>
  <wpt lat="32.6020415" lon="-115.4763649"><time>2026-01-01T00:12:24Z</time></wpt>
  <wpt lat="32.6020506" lon="-115.4763547"><time>2026-01-01T00:12:25Z</time></wpt>
  <wpt lat="32.6020596" lon="-115.4763444"><time>2026-01-01T00:12:26Z</time></wpt>
  <wpt lat="32.6020687" lon="-115.4763341"><time>2026-01-01T00:12:27Z</time></wpt>
  <wpt lat="32.6020778" lon="-115.4763239"><time>2026-01-01T00:12:28Z</time></wpt>
  <wpt lat="32.6020869" lon="-115.4763136"><time>2026-01-01T00:12:29Z</time></wpt>
  <wpt lat="32.6020960" lon="-115.4763034"><time>2026-01-01T00:12:30Z</time></wpt>
  <wpt lat="32.6021051" lon="-115.4762931"><time>2026-01-01T00:12:31Z</time></wpt>
  <wpt lat="32.6021142" lon="-115.4762828"><time>2026-01-01T00:12:32Z</time></wpt>
  <wpt lat="32.6021233" lon="-115.4762726"><time>2026-01-01T00:12:33Z</time></wpt>
  <wpt lat="32.6021324" lon="-115.4762623"><time>2026-01-01T00:12:34Z</time></wpt>
  <wpt lat="32.6021415" lon="-115.4762520"><time>2026-01-01T00:12:35Z</time></wpt>
  <wpt lat="32.6021506" lon="-115.4762418"><time>2026-01-01T00:12:36Z</time></wpt>
  <wpt lat="32.6021597" lon="-115.4762315"><time>2026-01-01T00:12:37Z</time></wpt>
  <wpt lat="32.6021688" lon="-115.4762213"><time>2026-01-01T00:12:38Z</time></wpt>
  <wpt lat="32.6021778" lon="-115.4762110"><time>2026-01-01T00:12:39Z</time></wpt>
  <wpt lat="32.6021869" lon="-115.4762007"><time>2026-01-01T00:12:40Z</time></wpt>
  <wpt lat="32.6021960" lon="-115.4761905"><time>2026-01-01T00:12:41Z</time></wpt>
  <wpt lat="32.6022051" lon="-115.4761802"><time>2026-01-01T00:12:42Z</time></wpt>
  <wpt lat="32.6022142" lon="-115.4761700"><time>2026-01-01T00:12:43Z</time></wpt>
  <wpt lat="32.6022233" lon="-115.4761597"><time>2026-01-01T00:12:44Z</time></wpt>
  <wpt lat="32.6022324" lon="-115.4761494"><time>2026-01-01T00:12:45Z</time></wpt>
  <wpt lat="32.6022415" lon="-115.4761392"><time>2026-01-01T00:12:46Z</time></wpt>
  <wpt lat="32.6022506" lon="-115.4761289"><time>2026-01-01T00:12:47Z</time></wpt>
  <wpt lat="32.6022597" lon="-115.4761187"><time>2026-01-01T00:12:48Z</time></wpt>
  <wpt lat="32.6022688" lon="-115.4761084"><time>2026-01-01T00:12:49Z</time></wpt>
  <wpt lat="32.6022779" lon="-115.4760981"><time>2026-01-01T00:12:50Z</time></wpt>
  <wpt lat="32.6022870" lon="-115.4760879"><time>2026-01-01T00:12:51Z</time></wpt>
  <wpt lat="32.6022960" lon="-115.4760776"><time>2026-01-01T00:12:52Z</time></wpt>
  <wpt lat="32.6023051" lon="-115.4760673"><time>2026-01-01T00:12:53Z</time></wpt>
  <wpt lat="32.6023142" lon="-115.4760571"><time>2026-01-01T00:12:54Z</time></wpt>
  <wpt lat="32.6023233" lon="-115.4760468"><time>2026-01-01T00:12:55Z</time></wpt>
  <wpt lat="32.6023324" lon="-115.4760366"><time>2026-01-01T00:12:56Z</time></wpt>
  <wpt lat="32.6023415" lon="-115.4760263"><time>2026-01-01T00:12:57Z</time></wpt>
  <wpt lat="32.6023506" lon="-115.4760160"><time>2026-01-01T00:12:58Z</time></wpt>
  <wpt lat="32.6023597" lon="-115.4760058"><time>2026-01-01T00:12:59Z</time></wpt>
  <wpt lat="32.6023688" lon="-115.4759955"><time>2026-01-01T00:13:00Z</time></wpt>
  <wpt lat="32.6023779" lon="-115.4759853"><time>2026-01-01T00:13:01Z</time></wpt>
  <wpt lat="32.6023870" lon="-115.4759750"><time>2026-01-01T00:13:02Z</time></wpt>
  <wpt lat="32.6023961" lon="-115.4759647"><time>2026-01-01T00:13:03Z</time></wpt>
  <wpt lat="32.6024052" lon="-115.4759545"><time>2026-01-01T00:13:04Z</time></wpt>
  <wpt lat="32.6024142" lon="-115.4759442"><time>2026-01-01T00:13:05Z</time></wpt>
  <wpt lat="32.6024233" lon="-115.4759340"><time>2026-01-01T00:13:06Z</time></wpt>
  <wpt lat="32.6024324" lon="-115.4759237"><time>2026-01-01T00:13:07Z</time></wpt>
  <wpt lat="32.6024415" lon="-115.4759134"><time>2026-01-01T00:13:08Z</time></wpt>
  <wpt lat="32.6024506" lon="-115.4759032"><time>2026-01-01T00:13:09Z</time></wpt>
  <wpt lat="32.6024597" lon="-115.4758929"><time>2026-01-01T00:13:10Z</time></wpt>
  <wpt lat="32.6024688" lon="-115.4758827"><time>2026-01-01T00:13:11Z</time></wpt>
  <wpt lat="32.6024779" lon="-115.4758724"><time>2026-01-01T00:13:12Z</time></wpt>
  <wpt lat="32.6024870" lon="-115.4758621"><time>2026-01-01T00:13:13Z</time></wpt>
  <wpt lat="32.6024961" lon="-115.4758519"><time>2026-01-01T00:13:14Z</time></wpt>
  <wpt lat="32.6025052" lon="-115.4758416"><time>2026-01-01T00:13:15Z</time></wpt>
  <wpt lat="32.6025143" lon="-115.4758313"><time>2026-01-01T00:13:16Z</time></wpt>
  <wpt lat="32.6025234" lon="-115.4758211"><time>2026-01-01T00:13:17Z</time></wpt>
  <wpt lat="32.6025324" lon="-115.4758108"><time>2026-01-01T00:13:18Z</time></wpt>
  <wpt lat="32.6025415" lon="-115.4758006"><time>2026-01-01T00:13:19Z</time></wpt>
  <wpt lat="32.6025506" lon="-115.4757903"><time>2026-01-01T00:13:20Z</time></wpt>
  <wpt lat="32.6025597" lon="-115.4757800"><time>2026-01-01T00:13:21Z</time></wpt>
  <wpt lat="32.6025688" lon="-115.4757698"><time>2026-01-01T00:13:22Z</time></wpt>
  <wpt lat="32.6025779" lon="-115.4757595"><time>2026-01-01T00:13:23Z</time></wpt>
  <wpt lat="32.6025870" lon="-115.4757493"><time>2026-01-01T00:13:24Z</time></wpt>
  <wpt lat="32.6025961" lon="-115.4757390"><time>2026-01-01T00:13:25Z</time></wpt>
  <wpt lat="32.6026052" lon="-115.4757287"><time>2026-01-01T00:13:26Z</time></wpt>
  <wpt lat="32.6026143" lon="-115.4757185"><time>2026-01-01T00:13:27Z</time></wpt>
  <wpt lat="32.6026234" lon="-115.4757082"><time>2026-01-01T00:13:28Z</time></wpt>
  <wpt lat="32.6026325" lon="-115.4756980"><time>2026-01-01T00:13:29Z</time></wpt>
  <wpt lat="32.6026416" lon="-115.4756877"><time>2026-01-01T00:13:30Z</time></wpt>
  <wpt lat="32.6026506" lon="-115.4756774"><time>2026-01-01T00:13:31Z</time></wpt>
  <wpt lat="32.6026597" lon="-115.4756672"><time>2026-01-01T00:13:32Z</time></wpt>
  <wpt lat="32.6026688" lon="-115.4756569"><time>2026-01-01T00:13:33Z</time></wpt>
  <wpt lat="32.6026779" lon="-115.4756466"><time>2026-01-01T00:13:34Z</time></wpt>
  <wpt lat="32.6026870" lon="-115.4756364"><time>2026-01-01T00:13:35Z</time></wpt>
  <wpt lat="32.6026961" lon="-115.4756261"><time>2026-01-01T00:13:36Z</time></wpt>
  <wpt lat="32.6027052" lon="-115.4756159"><time>2026-01-01T00:13:37Z</time></wpt>
  <wpt lat="32.6027143" lon="-115.4756056"><time>2026-01-01T00:13:38Z</time></wpt>
  <wpt lat="32.6027234" lon="-115.4755953"><time>2026-01-01T00:13:39Z</time></wpt>
  <wpt lat="32.6027325" lon="-115.4755851"><time>2026-01-01T00:13:40Z</time></wpt>
  <wpt lat="32.6027416" lon="-115.4755748"><time>2026-01-01T00:13:41Z</time></wpt>
  <wpt lat="32.6027507" lon="-115.4755646"><time>2026-01-01T00:13:42Z</time></wpt>
  <wpt lat="32.6027598" lon="-115.4755543"><time>2026-01-01T00:13:43Z</time></wpt>
  <wpt lat="32.6027688" lon="-115.4755440"><time>2026-01-01T00:13:44Z</time></wpt>
  <wpt lat="32.6027779" lon="-115.4755338"><time>2026-01-01T00:13:45Z</time></wpt>
  <wpt lat="32.6027870" lon="-115.4755235"><time>2026-01-01T00:13:46Z</time></wpt>
  <wpt lat="32.6027961" lon="-115.4755133"><time>2026-01-01T00:13:47Z</time></wpt>
  <wpt lat="32.6028052" lon="-115.4755030"><time>2026-01-01T00:13:48Z</time></wpt>
  <wpt lat="32.6028143" lon="-115.4754927"><time>2026-01-01T00:13:49Z</time></wpt>
  <wpt lat="32.6028234" lon="-115.4754825"><time>2026-01-01T00:13:50Z</time></wpt>
  <wpt lat="32.6028325" lon="-115.4754722"><time>2026-01-01T00:13:51Z</time></wpt>
  <wpt lat="32.6028416" lon="-115.4754620"><time>2026-01-01T00:13:52Z</time></wpt>
  <wpt lat="32.6028507" lon="-115.4754517"><time>2026-01-01T00:13:53Z</time></wpt>
  <wpt lat="32.6028598" lon="-115.4754414"><time>2026-01-01T00:13:54Z</time></wpt>
  <wpt lat="32.6028689" lon="-115.4754312"><time>2026-01-01T00:13:55Z</time></wpt>
  <wpt lat="32.6028779" lon="-115.4754209"><time>2026-01-01T00:13:56Z</time></wpt>
  <wpt lat="32.6028870" lon="-115.4754106"><time>2026-01-01T00:13:57Z</time></wpt>
  <wpt lat="32.6028961" lon="-115.4754004"><time>2026-01-01T00:13:58Z</time></wpt>
  <wpt lat="32.6029052" lon="-115.4753901"><time>2026-01-01T00:13:59Z</time></wpt>
  <wpt lat="32.6029143" lon="-115.4753799"><time>2026-01-01T00:14:00Z</time></wpt>
  <wpt lat="32.6029234" lon="-115.4753696"><time>2026-01-01T00:14:01Z</time></wpt>
  <wpt lat="32.6029325" lon="-115.4753593"><time>2026-01-01T00:14:02Z</time></wpt>
  <wpt lat="32.6029416" lon="-115.4753491"><time>2026-01-01T00:14:03Z</time></wpt>
  <wpt lat="32.6029507" lon="-115.4753388"><time>2026-01-01T00:14:04Z</time></wpt>
  <wpt lat="32.6029598" lon="-115.4753286"><time>2026-01-01T00:14:05Z</time></wpt>
  <wpt lat="32.6029689" lon="-115.4753183"><time>2026-01-01T00:14:06Z</time></wpt>
  <wpt lat="32.6029780" lon="-115.4753080"><time>2026-01-01T00:14:07Z</time></wpt>
  <wpt lat="32.6029871" lon="-115.4752978"><time>2026-01-01T00:14:08Z</time></wpt>
  <wpt lat="32.6029961" lon="-115.4752875"><time>2026-01-01T00:14:09Z</time></wpt>
  <wpt lat="32.6030052" lon="-115.4752773"><time>2026-01-01T00:14:10Z</time></wpt>
  <wpt lat="32.6030143" lon="-115.4752670"><time>2026-01-01T00:14:11Z</time></wpt>
  <wpt lat="32.6030234" lon="-115.4752567"><time>2026-01-01T00:14:12Z</time></wpt>
  <wpt lat="32.6030325" lon="-115.4752465"><time>2026-01-01T00:14:13Z</time></wpt>
  <wpt lat="32.6030416" lon="-115.4752362"><time>2026-01-01T00:14:14Z</time></wpt>
  <wpt lat="32.6030507" lon="-115.4752259"><time>2026-01-01T00:14:15Z</time></wpt>
  <wpt lat="32.6030598" lon="-115.4752157"><time>2026-01-01T00:14:16Z</time></wpt>
  <wpt lat="32.6030689" lon="-115.4752054"><time>2026-01-01T00:14:17Z</time></wpt>
  <wpt lat="32.6030780" lon="-115.4751952"><time>2026-01-01T00:14:18Z</time></wpt>
  <wpt lat="32.6030871" lon="-115.4751849"><time>2026-01-01T00:14:19Z</time></wpt>
  <wpt lat="32.6030962" lon="-115.4751746"><time>2026-01-01T00:14:20Z</time></wpt>
  <wpt lat="32.6031053" lon="-115.4751644"><time>2026-01-01T00:14:21Z</time></wpt>
  <wpt lat="32.6031143" lon="-115.4751541"><time>2026-01-01T00:14:22Z</time></wpt>
  <wpt lat="32.6031234" lon="-115.4751439"><time>2026-01-01T00:14:23Z</time></wpt>
  <wpt lat="32.6031325" lon="-115.4751336"><time>2026-01-01T00:14:24Z</time></wpt>
  <wpt lat="32.6031416" lon="-115.4751233"><time>2026-01-01T00:14:25Z</time></wpt>
  <wpt lat="32.6031507" lon="-115.4751131"><time>2026-01-01T00:14:26Z</time></wpt>
  <wpt lat="32.6031598" lon="-115.4751028"><time>2026-01-01T00:14:27Z</time></wpt>
  <wpt lat="32.6031689" lon="-115.4750926"><time>2026-01-01T00:14:28Z</time></wpt>
  <wpt lat="32.6031780" lon="-115.4750823"><time>2026-01-01T00:14:29Z</time></wpt>
  <wpt lat="32.6031871" lon="-115.4750720"><time>2026-01-01T00:14:30Z</time></wpt>
  <wpt lat="32.6031962" lon="-115.4750618"><time>2026-01-01T00:14:31Z</time></wpt>
  <wpt lat="32.6032053" lon="-115.4750515"><time>2026-01-01T00:14:32Z</time></wpt>
  <wpt lat="32.6032144" lon="-115.4750413"><time>2026-01-01T00:14:33Z</time></wpt>
  <wpt lat="32.6032235" lon="-115.4750310"><time>2026-01-01T00:14:34Z</time></wpt>
  <wpt lat="32.6032325" lon="-115.4750207"><time>2026-01-01T00:14:35Z</time></wpt>
  <wpt lat="32.6032416" lon="-115.4750105"><time>2026-01-01T00:14:36Z</time></wpt>
  <wpt lat="32.6032507" lon="-115.4750002"><time>2026-01-01T00:14:37Z</time></wpt>
  <wpt lat="32.6032598" lon="-115.4749899"><time>2026-01-01T00:14:38Z</time></wpt>
  <wpt lat="32.6032689" lon="-115.4749797"><time>2026-01-01T00:14:39Z</time></wpt>
  <wpt lat="32.6032780" lon="-115.4749694"><time>2026-01-01T00:14:40Z</time></wpt>
  <wpt lat="32.6032871" lon="-115.4749592"><time>2026-01-01T00:14:41Z</time></wpt>
  <wpt lat="32.6032962" lon="-115.4749489"><time>2026-01-01T00:14:42Z</time></wpt>
  <wpt lat="32.6033053" lon="-115.4749386"><time>2026-01-01T00:14:43Z</time></wpt>
  <wpt lat="32.6033144" lon="-115.4749284"><time>2026-01-01T00:14:44Z</time></wpt>
  <wpt lat="32.6033235" lon="-115.4749181"><time>2026-01-01T00:14:45Z</time></wpt>
  <wpt lat="32.6033326" lon="-115.4749079"><time>2026-01-01T00:14:46Z</time></wpt>
  <wpt lat="32.6033417" lon="-115.4748976"><time>2026-01-01T00:14:47Z</time></wpt>
  <wpt lat="32.6033507" lon="-115.4748873"><time>2026-01-01T00:14:48Z</time></wpt>
  <wpt lat="32.6033598" lon="-115.4748771"><time>2026-01-01T00:14:49Z</time></wpt>
  <wpt lat="32.6033689" lon="-115.4748668"><time>2026-01-01T00:14:50Z</time></wpt>
  <wpt lat="32.6033780" lon="-115.4748566"><time>2026-01-01T00:14:51Z</time></wpt>
  <wpt lat="32.6033871" lon="-115.4748463"><time>2026-01-01T00:14:52Z</time></wpt>
  <wpt lat="32.6033962" lon="-115.4748360"><time>2026-01-01T00:14:53Z</time></wpt>
  <wpt lat="32.6034053" lon="-115.4748258"><time>2026-01-01T00:14:54Z</time></wpt>
  <wpt lat="32.6034144" lon="-115.4748155"><time>2026-01-01T00:14:55Z</time></wpt>
  <wpt lat="32.6034235" lon="-115.4748052"><time>2026-01-01T00:14:56Z</time></wpt>
  <wpt lat="32.6034326" lon="-115.4747950"><time>2026-01-01T00:14:57Z</time></wpt>
  <wpt lat="32.6034417" lon="-115.4747847"><time>2026-01-01T00:14:58Z</time></wpt>
  <wpt lat="32.6034508" lon="-115.4747745"><time>2026-01-01T00:14:59Z</time></wpt>
  <wpt lat="32.6034599" lon="-115.4747642"><time>2026-01-01T00:15:00Z</time></wpt>
  <wpt lat="32.6034689" lon="-115.4747539"><time>2026-01-01T00:15:01Z</time></wpt>
  <wpt lat="32.6034780" lon="-115.4747437"><time>2026-01-01T00:15:02Z</time></wpt>
  <wpt lat="32.6034871" lon="-115.4747334"><time>2026-01-01T00:15:03Z</time></wpt>
  <wpt lat="32.6034962" lon="-115.4747232"><time>2026-01-01T00:15:04Z</time></wpt>
  <wpt lat="32.6035053" lon="-115.4747129"><time>2026-01-01T00:15:05Z</time></wpt>
  <wpt lat="32.6035144" lon="-115.4747026"><time>2026-01-01T00:15:06Z</time></wpt>
  <wpt lat="32.6035235" lon="-115.4746924"><time>2026-01-01T00:15:07Z</time></wpt>
  <wpt lat="32.6035326" lon="-115.4746821"><time>2026-01-01T00:15:08Z</time></wpt>
  <wpt lat="32.6035417" lon="-115.4746719"><time>2026-01-01T00:15:09Z</time></wpt>
  <wpt lat="32.6035508" lon="-115.4746616"><time>2026-01-01T00:15:10Z</time></wpt>
  <wpt lat="32.6035599" lon="-115.4746513"><time>2026-01-01T00:15:11Z</time></wpt>
  <wpt lat="32.6035690" lon="-115.4746411"><time>2026-01-01T00:15:12Z</time></wpt>
  <wpt lat="32.6035781" lon="-115.4746308"><time>2026-01-01T00:15:13Z</time></wpt>
  <wpt lat="32.6035871" lon="-115.4746206"><time>2026-01-01T00:15:14Z</time></wpt>
  <wpt lat="32.6035962" lon="-115.4746103"><time>2026-01-01T00:15:15Z</time></wpt>
  <wpt lat="32.6036053" lon="-115.4746000"><time>2026-01-01T00:15:16Z</time></wpt>
  <wpt lat="32.6036144" lon="-115.4745898"><time>2026-01-01T00:15:17Z</time></wpt>
  <wpt lat="32.6036235" lon="-115.4745795"><time>2026-01-01T00:15:18Z</time></wpt>
  <wpt lat="32.6036326" lon="-115.4745692"><time>2026-01-01T00:15:19Z</time></wpt>
  <wpt lat="32.6036417" lon="-115.4745590"><time>2026-01-01T00:15:20Z</time></wpt>
  <wpt lat="32.6036508" lon="-115.4745487"><time>2026-01-01T00:15:21Z</time></wpt>
  <wpt lat="32.6036599" lon="-115.4745385"><time>2026-01-01T00:15:22Z</time></wpt>
  <wpt lat="32.6036690" lon="-115.4745282"><time>2026-01-01T00:15:23Z</time></wpt>
  <wpt lat="32.6036781" lon="-115.4745179"><time>2026-01-01T00:15:24Z</time></wpt>
  <wpt lat="32.6036872" lon="-115.4745077"><time>2026-01-01T00:15:25Z</time></wpt>
  <wpt lat="32.6036963" lon="-115.4744974"><time>2026-01-01T00:15:26Z</time></wpt>
  <wpt lat="32.6037053" lon="-115.4744872"><time>2026-01-01T00:15:27Z</time></wpt>
  <wpt lat="32.6037144" lon="-115.4744769"><time>2026-01-01T00:15:28Z</time></wpt>
  <wpt lat="32.6037235" lon="-115.4744666"><time>2026-01-01T00:15:29Z</time></wpt>
  <wpt lat="32.6037326" lon="-115.4744564"><time>2026-01-01T00:15:30Z</time></wpt>
  <wpt lat="32.6037417" lon="-115.4744461"><time>2026-01-01T00:15:31Z</time></wpt>
  <wpt lat="32.6037508" lon="-115.4744359"><time>2026-01-01T00:15:32Z</time></wpt>
  <wpt lat="32.6037599" lon="-115.4744256"><time>2026-01-01T00:15:33Z</time></wpt>
  <wpt lat="32.6037690" lon="-115.4744153"><time>2026-01-01T00:15:34Z</time></wpt>
  <wpt lat="32.6037781" lon="-115.4744051"><time>2026-01-01T00:15:35Z</time></wpt>
  <wpt lat="32.6037872" lon="-115.4743948"><time>2026-01-01T00:15:36Z</time></wpt>
  <wpt lat="32.6037963" lon="-115.4743845"><time>2026-01-01T00:15:37Z</time></wpt>
  <wpt lat="32.6038054" lon="-115.4743743"><time>2026-01-01T00:15:38Z</time></wpt>
  <wpt lat="32.6038145" lon="-115.4743640"><time>2026-01-01T00:15:39Z</time></wpt>
  <wpt lat="32.6038235" lon="-115.4743538"><time>2026-01-01T00:15:40Z</time></wpt>
  <wpt lat="32.6038326" lon="-115.4743435"><time>2026-01-01T00:15:41Z</time></wpt>
  <wpt lat="32.6038417" lon="-115.4743332"><time>2026-01-01T00:15:42Z</time></wpt>
  <wpt lat="32.6038508" lon="-115.4743230"><time>2026-01-01T00:15:43Z</time></wpt>
  <wpt lat="32.6038599" lon="-115.4743127"><time>2026-01-01T00:15:44Z</time></wpt>
  <wpt lat="32.6038690" lon="-115.4743025"><time>2026-01-01T00:15:45Z</time></wpt>
  <wpt lat="32.6038781" lon="-115.4742922"><time>2026-01-01T00:15:46Z</time></wpt>
  <wpt lat="32.6038781" lon="-115.4742922"><time>2026-01-01T00:15:47Z</time></wpt>
  <wpt lat="32.6038781" lon="-115.4742922"><time>2026-01-01T00:15:48Z</time></wpt>
  <wpt lat="32.6038781" lon="-115.4742922"><time>2026-01-01T00:15:49Z</time></wpt>
  <wpt lat="32.6038781" lon="-115.4742922"><time>2026-01-01T00:15:50Z</time></wpt>
  <wpt lat="32.6038781" lon="-115.4742922"><time>2026-01-01T00:15:51Z</time></wpt>
  <wpt lat="32.6038781" lon="-115.4742922"><time>2026-01-01T00:15:52Z</time></wpt>
  <wpt lat="32.6038781" lon="-115.4742922"><time>2026-01-01T00:15:53Z</time></wpt>
  <wpt lat="32.6038781" lon="-115.4742922"><time>2026-01-01T00:15:54Z</time></wpt>
  <wpt lat="32.6038781" lon="-115.4742922"><time>2026-01-01T00:15:55Z</time></wpt>
  <wpt lat="32.6038781" lon="-115.4742922"><time>2026-01-01T00:15:56Z</time></wpt>
  <wpt lat="32.6038781" lon="-115.4742922"><time>2026-01-01T00:15:57Z</time></wpt>
  <wpt lat="32.6038781" lon="-115.4742922"><time>2026-01-01T00:15:58Z</time></wpt>
  <wpt lat="32.6038781" lon="-115.4742922"><time>2026-01-01T00:15:59Z</time></wpt>
  <wpt lat="32.6038781" lon="-115.4742922"><time>2026-01-01T00:16:00Z</time></wpt>
  <wpt lat="32.6038781" lon="-115.4742922"><time>2026-01-01T00:16:01Z</time></wpt>
  <wpt lat="32.6038781" lon="-115.4742922"><time>2026-01-01T00:16:02Z</time></wpt>
  <wpt lat="32.6038781" lon="-115.4742922"><time>2026-01-01T00:16:03Z</time></wpt>
  <wpt lat="32.6038781" lon="-115.4742922"><time>2026-01-01T00:16:04Z</time></wpt>
  <wpt lat="32.6038879" lon="-115.4743016"><time>2026-01-01T00:16:05Z</time></wpt>
  <wpt lat="32.6038977" lon="-115.4743109"><time>2026-01-01T00:16:06Z</time></wpt>
  <wpt lat="32.6039075" lon="-115.4743203"><time>2026-01-01T00:16:07Z</time></wpt>
  <wpt lat="32.6039173" lon="-115.4743297"><time>2026-01-01T00:16:08Z</time></wpt>
  <wpt lat="32.6039271" lon="-115.4743390"><time>2026-01-01T00:16:09Z</time></wpt>
  <wpt lat="32.6039369" lon="-115.4743484"><time>2026-01-01T00:16:10Z</time></wpt>
  <wpt lat="32.6039466" lon="-115.4743578"><time>2026-01-01T00:16:11Z</time></wpt>
  <wpt lat="32.6039564" lon="-115.4743672"><time>2026-01-01T00:16:12Z</time></wpt>
  <wpt lat="32.6039662" lon="-115.4743765"><time>2026-01-01T00:16:13Z</time></wpt>
  <wpt lat="32.6039760" lon="-115.4743859"><time>2026-01-01T00:16:14Z</time></wpt>
  <wpt lat="32.6039858" lon="-115.4743953"><time>2026-01-01T00:16:15Z</time></wpt>
  <wpt lat="32.6039956" lon="-115.4744046"><time>2026-01-01T00:16:16Z</time></wpt>
  <wpt lat="32.6040054" lon="-115.4744140"><time>2026-01-01T00:16:17Z</time></wpt>
  <wpt lat="32.6040152" lon="-115.4744234"><time>2026-01-01T00:16:18Z</time></wpt>
  <wpt lat="32.6040250" lon="-115.4744327"><time>2026-01-01T00:16:19Z</time></wpt>
  <wpt lat="32.6040348" lon="-115.4744421"><time>2026-01-01T00:16:20Z</time></wpt>
  <wpt lat="32.6040446" lon="-115.4744515"><time>2026-01-01T00:16:21Z</time></wpt>
  <wpt lat="32.6040544" lon="-115.4744608"><time>2026-01-01T00:16:22Z</time></wpt>
  <wpt lat="32.6040642" lon="-115.4744702"><time>2026-01-01T00:16:23Z</time></wpt>
  <wpt lat="32.6040739" lon="-115.4744796"><time>2026-01-01T00:16:24Z</time></wpt>
  <wpt lat="32.6040837" lon="-115.4744889"><time>2026-01-01T00:16:25Z</time></wpt>
  <wpt lat="32.6040935" lon="-115.4744983"><time>2026-01-01T00:16:26Z</time></wpt>
  <wpt lat="32.6041033" lon="-115.4745077"><time>2026-01-01T00:16:27Z</time></wpt>
  <wpt lat="32.6041131" lon="-115.4745171"><time>2026-01-01T00:16:28Z</time></wpt>
  <wpt lat="32.6041229" lon="-115.4745264"><time>2026-01-01T00:16:29Z</time></wpt>
  <wpt lat="32.6041327" lon="-115.4745358"><time>2026-01-01T00:16:30Z</time></wpt>
  <wpt lat="32.6041425" lon="-115.4745452"><time>2026-01-01T00:16:31Z</time></wpt>
  <wpt lat="32.6041523" lon="-115.4745545"><time>2026-01-01T00:16:32Z</time></wpt>
  <wpt lat="32.6041621" lon="-115.4745639"><time>2026-01-01T00:16:33Z</time></wpt>
  <wpt lat="32.6041719" lon="-115.4745733"><time>2026-01-01T00:16:34Z</time></wpt>
  <wpt lat="32.6041817" lon="-115.4745826"><time>2026-01-01T00:16:35Z</time></wpt>
  <wpt lat="32.6041915" lon="-115.4745920"><time>2026-01-01T00:16:36Z</time></wpt>
  <wpt lat="32.6042012" lon="-115.4746014"><time>2026-01-01T00:16:37Z</time></wpt>
  <wpt lat="32.6042110" lon="-115.4746107"><time>2026-01-01T00:16:38Z</time></wpt>
  <wpt lat="32.6042208" lon="-115.4746201"><time>2026-01-01T00:16:39Z</time></wpt>
  <wpt lat="32.6042306" lon="-115.4746295"><time>2026-01-01T00:16:40Z</time></wpt>
  <wpt lat="32.6042404" lon="-115.4746388"><time>2026-01-01T00:16:41Z</time></wpt>
  <wpt lat="32.6042502" lon="-115.4746482"><time>2026-01-01T00:16:42Z</time></wpt>
  <wpt lat="32.6042600" lon="-115.4746576"><time>2026-01-01T00:16:43Z</time></wpt>
  <wpt lat="32.6042698" lon="-115.4746670"><time>2026-01-01T00:16:44Z</time></wpt>
  <wpt lat="32.6042796" lon="-115.4746763"><time>2026-01-01T00:16:45Z</time></wpt>
  <wpt lat="32.6042894" lon="-115.4746857"><time>2026-01-01T00:16:46Z</time></wpt>
  <wpt lat="32.6042992" lon="-115.4746951"><time>2026-01-01T00:16:47Z</time></wpt>
  <wpt lat="32.6043090" lon="-115.4747044"><time>2026-01-01T00:16:48Z</time></wpt>
  <wpt lat="32.6043188" lon="-115.4747138"><time>2026-01-01T00:16:49Z</time></wpt>
  <wpt lat="32.6043285" lon="-115.4747232"><time>2026-01-01T00:16:50Z</time></wpt>
  <wpt lat="32.6043383" lon="-115.4747325"><time>2026-01-01T00:16:51Z</time></wpt>
  <wpt lat="32.6043481" lon="-115.4747419"><time>2026-01-01T00:16:52Z</time></wpt>
  <wpt lat="32.6043579" lon="-115.4747513"><time>2026-01-01T00:16:53Z</time></wpt>
  <wpt lat="32.6043677" lon="-115.4747606"><time>2026-01-01T00:16:54Z</time></wpt>
  <wpt lat="32.6043775" lon="-115.4747700"><time>2026-01-01T00:16:55Z</time></wpt>
  <wpt lat="32.6043873" lon="-115.4747794"><time>2026-01-01T00:16:56Z</time></wpt>
  <wpt lat="32.6043971" lon="-115.4747888"><time>2026-01-01T00:16:57Z</time></wpt>
  <wpt lat="32.6044069" lon="-115.4747981"><time>2026-01-01T00:16:58Z</time></wpt>
  <wpt lat="32.6044167" lon="-115.4748075"><time>2026-01-01T00:16:59Z</time></wpt>
  <wpt lat="32.6044265" lon="-115.4748169"><time>2026-01-01T00:17:00Z</time></wpt>
  <wpt lat="32.6044363" lon="-115.4748262"><time>2026-01-01T00:17:01Z</time></wpt>
  <wpt lat="32.6044461" lon="-115.4748356"><time>2026-01-01T00:17:02Z</time></wpt>
  <wpt lat="32.6044559" lon="-115.4748450"><time>2026-01-01T00:17:03Z</time></wpt>
  <wpt lat="32.6044656" lon="-115.4748543"><time>2026-01-01T00:17:04Z</time></wpt>
  <wpt lat="32.6044754" lon="-115.4748637"><time>2026-01-01T00:17:05Z</time></wpt>
  <wpt lat="32.6044852" lon="-115.4748731"><time>2026-01-01T00:17:06Z</time></wpt>
  <wpt lat="32.6044950" lon="-115.4748824"><time>2026-01-01T00:17:07Z</time></wpt>
  <wpt lat="32.6045048" lon="-115.4748918"><time>2026-01-01T00:17:08Z</time></wpt>
  <wpt lat="32.6045146" lon="-115.4749012"><time>2026-01-01T00:17:09Z</time></wpt>
  <wpt lat="32.6045244" lon="-115.4749105"><time>2026-01-01T00:17:10Z</time></wpt>
  <wpt lat="32.6045342" lon="-115.4749199"><time>2026-01-01T00:17:11Z</time></wpt>
  <wpt lat="32.6045440" lon="-115.4749293"><time>2026-01-01T00:17:12Z</time></wpt>
  <wpt lat="32.6045538" lon="-115.4749387"><time>2026-01-01T00:17:13Z</time></wpt>
  <wpt lat="32.6045636" lon="-115.4749480"><time>2026-01-01T00:17:14Z</time></wpt>
  <wpt lat="32.6045734" lon="-115.4749574"><time>2026-01-01T00:17:15Z</time></wpt>
  <wpt lat="32.6045832" lon="-115.4749668"><time>2026-01-01T00:17:16Z</time></wpt>
  <wpt lat="32.6045929" lon="-115.4749761"><time>2026-01-01T00:17:17Z</time></wpt>
  <wpt lat="32.6046027" lon="-115.4749855"><time>2026-01-01T00:17:18Z</time></wpt>
  <wpt lat="32.6046125" lon="-115.4749949"><time>2026-01-01T00:17:19Z</time></wpt>
  <wpt lat="32.6046223" lon="-115.4750042"><time>2026-01-01T00:17:20Z</time></wpt>
  <wpt lat="32.6046321" lon="-115.4750136"><time>2026-01-01T00:17:21Z</time></wpt>
  <wpt lat="32.6046419" lon="-115.4750230"><time>2026-01-01T00:17:22Z</time></wpt>
  <wpt lat="32.6046517" lon="-115.4750323"><time>2026-01-01T00:17:23Z</time></wpt>
  <wpt lat="32.6046615" lon="-115.4750417"><time>2026-01-01T00:17:24Z</time></wpt>
  <wpt lat="32.6046713" lon="-115.4750511"><time>2026-01-01T00:17:25Z</time></wpt>
  <wpt lat="32.6046811" lon="-115.4750605"><time>2026-01-01T00:17:26Z</time></wpt>
  <wpt lat="32.6046909" lon="-115.4750698"><time>2026-01-01T00:17:27Z</time></wpt>
  <wpt lat="32.6047007" lon="-115.4750792"><time>2026-01-01T00:17:28Z</time></wpt>
  <wpt lat="32.6047105" lon="-115.4750886"><time>2026-01-01T00:17:29Z</time></wpt>
  <wpt lat="32.6047202" lon="-115.4750979"><time>2026-01-01T00:17:30Z</time></wpt>
  <wpt lat="32.6047300" lon="-115.4751073"><time>2026-01-01T00:17:31Z</time></wpt>
  <wpt lat="32.6047398" lon="-115.4751167"><time>2026-01-01T00:17:32Z</time></wpt>
  <wpt lat="32.6047496" lon="-115.4751260"><time>2026-01-01T00:17:33Z</time></wpt>
  <wpt lat="32.6047594" lon="-115.4751354"><time>2026-01-01T00:17:34Z</time></wpt>
  <wpt lat="32.6047692" lon="-115.4751448"><time>2026-01-01T00:17:35Z</time></wpt>
  <wpt lat="32.6047790" lon="-115.4751541"><time>2026-01-01T00:17:36Z</time></wpt>
  <wpt lat="32.6047888" lon="-115.4751635"><time>2026-01-01T00:17:37Z</time></wpt>
  <wpt lat="32.6047986" lon="-115.4751729"><time>2026-01-01T00:17:38Z</time></wpt>
  <wpt lat="32.6048084" lon="-115.4751822"><time>2026-01-01T00:17:39Z</time></wpt>
  <wpt lat="32.6048182" lon="-115.4751916"><time>2026-01-01T00:17:40Z</time></wpt>
  <wpt lat="32.6048280" lon="-115.4752010"><time>2026-01-01T00:17:41Z</time></wpt>
  <wpt lat="32.6048378" lon="-115.4752104"><time>2026-01-01T00:17:42Z</time></wpt>
  <wpt lat="32.6048475" lon="-115.4752197"><time>2026-01-01T00:17:43Z</time></wpt>
  <wpt lat="32.6048573" lon="-115.4752291"><time>2026-01-01T00:17:44Z</time></wpt>
  <wpt lat="32.6048671" lon="-115.4752385"><time>2026-01-01T00:17:45Z</time></wpt>
  <wpt lat="32.6048769" lon="-115.4752478"><time>2026-01-01T00:17:46Z</time></wpt>
  <wpt lat="32.6048867" lon="-115.4752572"><time>2026-01-01T00:17:47Z</time></wpt>
  <wpt lat="32.6048965" lon="-115.4752666"><time>2026-01-01T00:17:48Z</time></wpt>
  <wpt lat="32.6049063" lon="-115.4752759"><time>2026-01-01T00:17:49Z</time></wpt>
  <wpt lat="32.6049161" lon="-115.4752853"><time>2026-01-01T00:17:50Z</time></wpt>
  <wpt lat="32.6049259" lon="-115.4752947"><time>2026-01-01T00:17:51Z</time></wpt>
  <wpt lat="32.6049357" lon="-115.4753040"><time>2026-01-01T00:17:52Z</time></wpt>
  <wpt lat="32.6049455" lon="-115.4753134"><time>2026-01-01T00:17:53Z</time></wpt>
  <wpt lat="32.6049553" lon="-115.4753228"><time>2026-01-01T00:17:54Z</time></wpt>
  <wpt lat="32.6049651" lon="-115.4753321"><time>2026-01-01T00:17:55Z</time></wpt>
  <wpt lat="32.6049748" lon="-115.4753415"><time>2026-01-01T00:17:56Z</time></wpt>
  <wpt lat="32.6049846" lon="-115.4753509"><time>2026-01-01T00:17:57Z</time></wpt>
  <wpt lat="32.6049944" lon="-115.4753603"><time>2026-01-01T00:17:58Z</time></wpt>
  <wpt lat="32.6050042" lon="-115.4753696"><time>2026-01-01T00:17:59Z</time></wpt>
  <wpt lat="32.6050140" lon="-115.4753790"><time>2026-01-01T00:18:00Z</time></wpt>
  <wpt lat="32.6050238" lon="-115.4753884"><time>2026-01-01T00:18:01Z</time></wpt>
  <wpt lat="32.6050336" lon="-115.4753977"><time>2026-01-01T00:18:02Z</time></wpt>
  <wpt lat="32.6050434" lon="-115.4754071"><time>2026-01-01T00:18:03Z</time></wpt>
  <wpt lat="32.6050532" lon="-115.4754165"><time>2026-01-01T00:18:04Z</time></wpt>
  <wpt lat="32.6050630" lon="-115.4754258"><time>2026-01-01T00:18:05Z</time></wpt>
  <wpt lat="32.6050728" lon="-115.4754352"><time>2026-01-01T00:18:06Z</time></wpt>
  <wpt lat="32.6050826" lon="-115.4754446"><time>2026-01-01T00:18:07Z</time></wpt>
  <wpt lat="32.6050924" lon="-115.4754539"><time>2026-01-01T00:18:08Z</time></wpt>
  <wpt lat="32.6051021" lon="-115.4754633"><time>2026-01-01T00:18:09Z</time></wpt>
  <wpt lat="32.6051119" lon="-115.4754727"><time>2026-01-01T00:18:10Z</time></wpt>
  <wpt lat="32.6051217" lon="-115.4754821"><time>2026-01-01T00:18:11Z</time></wpt>
  <wpt lat="32.6051315" lon="-115.4754914"><time>2026-01-01T00:18:12Z</time></wpt>
  <wpt lat="32.6051413" lon="-115.4755008"><time>2026-01-01T00:18:13Z</time></wpt>
  <wpt lat="32.6051511" lon="-115.4755102"><time>2026-01-01T00:18:14Z</time></wpt>
  <wpt lat="32.6051609" lon="-115.4755195"><time>2026-01-01T00:18:15Z</time></wpt>
  <wpt lat="32.6051707" lon="-115.4755289"><time>2026-01-01T00:18:16Z</time></wpt>
  <wpt lat="32.6051805" lon="-115.4755383"><time>2026-01-01T00:18:17Z</time></wpt>
  <wpt lat="32.6051903" lon="-115.4755476"><time>2026-01-01T00:18:18Z</time></wpt>
  <wpt lat="32.6052001" lon="-115.4755570"><time>2026-01-01T00:18:19Z</time></wpt>
  <wpt lat="32.6052099" lon="-115.4755664"><time>2026-01-01T00:18:20Z</time></wpt>
  <wpt lat="32.6052197" lon="-115.4755757"><time>2026-01-01T00:18:21Z</time></wpt>
  <wpt lat="32.6052294" lon="-115.4755851"><time>2026-01-01T00:18:22Z</time></wpt>
  <wpt lat="32.6052392" lon="-115.4755945"><time>2026-01-01T00:18:23Z</time></wpt>
  <wpt lat="32.6052490" lon="-115.4756038"><time>2026-01-01T00:18:24Z</time></wpt>
  <wpt lat="32.6052588" lon="-115.4756132"><time>2026-01-01T00:18:25Z</time></wpt>
  <wpt lat="32.6052686" lon="-115.4756226"><time>2026-01-01T00:18:26Z</time></wpt>
  <wpt lat="32.6052784" lon="-115.4756320"><time>2026-01-01T00:18:27Z</time></wpt>
  <wpt lat="32.6052882" lon="-115.4756413"><time>2026-01-01T00:18:28Z</time></wpt>
  <wpt lat="32.6052980" lon="-115.4756507"><time>2026-01-01T00:18:29Z</time></wpt>
  <wpt lat="32.6053078" lon="-115.4756601"><time>2026-01-01T00:18:30Z</time></wpt>
  <wpt lat="32.6053176" lon="-115.4756694"><time>2026-01-01T00:18:31Z</time></wpt>
  <wpt lat="32.6053274" lon="-115.4756788"><time>2026-01-01T00:18:32Z</time></wpt>
  <wpt lat="32.6053372" lon="-115.4756882"><time>2026-01-01T00:18:33Z</time></wpt>
  <wpt lat="32.6053470" lon="-115.4756975"><time>2026-01-01T00:18:34Z</time></wpt>
  <wpt lat="32.6053567" lon="-115.4757069"><time>2026-01-01T00:18:35Z</time></wpt>
  <wpt lat="32.6053665" lon="-115.4757163"><time>2026-01-01T00:18:36Z</time></wpt>
  <wpt lat="32.6053763" lon="-115.4757256"><time>2026-01-01T00:18:37Z</time></wpt>
  <wpt lat="32.6053861" lon="-115.4757350"><time>2026-01-01T00:18:38Z</time></wpt>
  <wpt lat="32.6053959" lon="-115.4757444"><time>2026-01-01T00:18:39Z</time></wpt>
  <wpt lat="32.6054057" lon="-115.4757537"><time>2026-01-01T00:18:40Z</time></wpt>
  <wpt lat="32.6054155" lon="-115.4757631"><time>2026-01-01T00:18:41Z</time></wpt>
  <wpt lat="32.6054253" lon="-115.4757725"><time>2026-01-01T00:18:42Z</time></wpt>
  <wpt lat="32.6054351" lon="-115.4757819"><time>2026-01-01T00:18:43Z</time></wpt>
  <wpt lat="32.6054449" lon="-115.4757912"><time>2026-01-01T00:18:44Z</time></wpt>
  <wpt lat="32.6054547" lon="-115.4758006"><time>2026-01-01T00:18:45Z</time></wpt>
  <wpt lat="32.6054645" lon="-115.4758100"><time>2026-01-01T00:18:46Z</time></wpt>
  <wpt lat="32.6054743" lon="-115.4758193"><time>2026-01-01T00:18:47Z</time></wpt>
  <wpt lat="32.6054841" lon="-115.4758287"><time>2026-01-01T00:18:48Z</time></wpt>
  <wpt lat="32.6054938" lon="-115.4758381"><time>2026-01-01T00:18:49Z</time></wpt>
  <wpt lat="32.6055036" lon="-115.4758474"><time>2026-01-01T00:18:50Z</time></wpt>
  <wpt lat="32.6055134" lon="-115.4758568"><time>2026-01-01T00:18:51Z</time></wpt>
  <wpt lat="32.6055232" lon="-115.4758662"><time>2026-01-01T00:18:52Z</time></wpt>
  <wpt lat="32.6055330" lon="-115.4758755"><time>2026-01-01T00:18:53Z</time></wpt>
  <wpt lat="32.6055428" lon="-115.4758849"><time>2026-01-01T00:18:54Z</time></wpt>
  <wpt lat="32.6055526" lon="-115.4758943"><time>2026-01-01T00:18:55Z</time></wpt>
  <wpt lat="32.6055624" lon="-115.4759037"><time>2026-01-01T00:18:56Z</time></wpt>
  <wpt lat="32.6055722" lon="-115.4759130"><time>2026-01-01T00:18:57Z</time></wpt>
  <wpt lat="32.6055820" lon="-115.4759224"><time>2026-01-01T00:18:58Z</time></wpt>
  <wpt lat="32.6055918" lon="-115.4759318"><time>2026-01-01T00:18:59Z</time></wpt>
  <wpt lat="32.6056016" lon="-115.4759411"><time>2026-01-01T00:19:00Z</time></wpt>
  <wpt lat="32.6056114" lon="-115.4759505"><time>2026-01-01T00:19:01Z</time></wpt>
  <wpt lat="32.6056211" lon="-115.4759599"><time>2026-01-01T00:19:02Z</time></wpt>
  <wpt lat="32.6056309" lon="-115.4759692"><time>2026-01-01T00:19:03Z</time></wpt>
  <wpt lat="32.6056407" lon="-115.4759786"><time>2026-01-01T00:19:04Z</time></wpt>
  <wpt lat="32.6056505" lon="-115.4759880"><time>2026-01-01T00:19:05Z</time></wpt>
  <wpt lat="32.6056603" lon="-115.4759973"><time>2026-01-01T00:19:06Z</time></wpt>
  <wpt lat="32.6056701" lon="-115.4760067"><time>2026-01-01T00:19:07Z</time></wpt>
  <wpt lat="32.6056799" lon="-115.4760161"><time>2026-01-01T00:19:08Z</time></wpt>
  <wpt lat="32.6056897" lon="-115.4760254"><time>2026-01-01T00:19:09Z</time></wpt>
  <wpt lat="32.6056995" lon="-115.4760348"><time>2026-01-01T00:19:10Z</time></wpt>
  <wpt lat="32.6057093" lon="-115.4760442"><time>2026-01-01T00:19:11Z</time></wpt>
  <wpt lat="32.6057191" lon="-115.4760536"><time>2026-01-01T00:19:12Z</time></wpt>
  <wpt lat="32.6057289" lon="-115.4760629"><time>2026-01-01T00:19:13Z</time></wpt>
  <wpt lat="32.6057387" lon="-115.4760723"><time>2026-01-01T00:19:14Z</time></wpt>
  <wpt lat="32.6057484" lon="-115.4760817"><time>2026-01-01T00:19:15Z</time></wpt>
  <wpt lat="32.6057582" lon="-115.4760910"><time>2026-01-01T00:19:16Z</time></wpt>
  <wpt lat="32.6057680" lon="-115.4761004"><time>2026-01-01T00:19:17Z</time></wpt>
  <wpt lat="32.6057778" lon="-115.4761098"><time>2026-01-01T00:19:18Z</time></wpt>
  <wpt lat="32.6057876" lon="-115.4761191"><time>2026-01-01T00:19:19Z</time></wpt>
  <wpt lat="32.6057974" lon="-115.4761285"><time>2026-01-01T00:19:20Z</time></wpt>
  <wpt lat="32.6058072" lon="-115.4761379"><time>2026-01-01T00:19:21Z</time></wpt>
  <wpt lat="32.6058170" lon="-115.4761472"><time>2026-01-01T00:19:22Z</time></wpt>
  <wpt lat="32.6058268" lon="-115.4761566"><time>2026-01-01T00:19:23Z</time></wpt>
  <wpt lat="32.6058366" lon="-115.4761660"><time>2026-01-01T00:19:24Z</time></wpt>
  <wpt lat="32.6058464" lon="-115.4761753"><time>2026-01-01T00:19:25Z</time></wpt>
  <wpt lat="32.6058562" lon="-115.4761847"><time>2026-01-01T00:19:26Z</time></wpt>
  <wpt lat="32.6058660" lon="-115.4761941"><time>2026-01-01T00:19:27Z</time></wpt>
  <wpt lat="32.6058757" lon="-115.4762035"><time>2026-01-01T00:19:28Z</time></wpt>
  <wpt lat="32.6058855" lon="-115.4762128"><time>2026-01-01T00:19:29Z</time></wpt>
  <wpt lat="32.6058953" lon="-115.4762222"><time>2026-01-01T00:19:30Z</time></wpt>
  <wpt lat="32.6059051" lon="-115.4762316"><time>2026-01-01T00:19:31Z</time></wpt>
  <wpt lat="32.6059149" lon="-115.4762409"><time>2026-01-01T00:19:32Z</time></wpt>
  <wpt lat="32.6059247" lon="-115.4762503"><time>2026-01-01T00:19:33Z</time></wpt>
  <wpt lat="32.6059345" lon="-115.4762597"><time>2026-01-01T00:19:34Z</time></wpt>
  <wpt lat="32.6059443" lon="-115.4762690"><time>2026-01-01T00:19:35Z</time></wpt>
  <wpt lat="32.6059541" lon="-115.4762784"><time>2026-01-01T00:19:36Z</time></wpt>
  <wpt lat="32.6059639" lon="-115.4762878"><time>2026-01-01T00:19:37Z</time></wpt>
  <wpt lat="32.6059737" lon="-115.4762971"><time>2026-01-01T00:19:38Z</time></wpt>
  <wpt lat="32.6059835" lon="-115.4763065"><time>2026-01-01T00:19:39Z</time></wpt>
  <wpt lat="32.6059933" lon="-115.4763159"><time>2026-01-01T00:19:40Z</time></wpt>
  <wpt lat="32.6060030" lon="-115.4763253"><time>2026-01-01T00:19:41Z</time></wpt>
  <wpt lat="32.6060128" lon="-115.4763346"><time>2026-01-01T00:19:42Z</time></wpt>
  <wpt lat="32.6060226" lon="-115.4763440"><time>2026-01-01T00:19:43Z</time></wpt>
  <wpt lat="32.6060324" lon="-115.4763534"><time>2026-01-01T00:19:44Z</time></wpt>
  <wpt lat="32.6060422" lon="-115.4763627"><time>2026-01-01T00:19:45Z</time></wpt>
  <wpt lat="32.6060520" lon="-115.4763721"><time>2026-01-01T00:19:46Z</time></wpt>
  <wpt lat="32.6060618" lon="-115.4763815"><time>2026-01-01T00:19:47Z</time></wpt>
  <wpt lat="32.6060716" lon="-115.4763908"><time>2026-01-01T00:19:48Z</time></wpt>
  <wpt lat="32.6060814" lon="-115.4764002"><time>2026-01-01T00:19:49Z</time></wpt>
  <wpt lat="32.6060912" lon="-115.4764096"><time>2026-01-01T00:19:50Z</time></wpt>
  <wpt lat="32.6061010" lon="-115.4764189"><time>2026-01-01T00:19:51Z</time></wpt>
  <wpt lat="32.6061108" lon="-115.4764283"><time>2026-01-01T00:19:52Z</time></wpt>
  <wpt lat="32.6061206" lon="-115.4764377"><time>2026-01-01T00:19:53Z</time></wpt>
  <wpt lat="32.6061303" lon="-115.4764470"><time>2026-01-01T00:19:54Z</time></wpt>
  <wpt lat="32.6061401" lon="-115.4764564"><time>2026-01-01T00:19:55Z</time></wpt>
  <wpt lat="32.6061499" lon="-115.4764658"><time>2026-01-01T00:19:56Z</time></wpt>
  <wpt lat="32.6061597" lon="-115.4764752"><time>2026-01-01T00:19:57Z</time></wpt>
  <wpt lat="32.6061695" lon="-115.4764845"><time>2026-01-01T00:19:58Z</time></wpt>
  <wpt lat="32.6061793" lon="-115.4764939"><time>2026-01-01T00:19:59Z</time></wpt>
  <wpt lat="32.6061891" lon="-115.4765033"><time>2026-01-01T00:20:00Z</time></wpt>
  <wpt lat="32.6061989" lon="-115.4765126"><time>2026-01-01T00:20:01Z</time></wpt>
  <wpt lat="32.6062087" lon="-115.4765220"><time>2026-01-01T00:20:02Z</time></wpt>
  <wpt lat="32.6062185" lon="-115.4765314"><time>2026-01-01T00:20:03Z</time></wpt>
  <wpt lat="32.6062283" lon="-115.4765407"><time>2026-01-01T00:20:04Z</time></wpt>
  <wpt lat="32.6062381" lon="-115.4765501"><time>2026-01-01T00:20:05Z</time></wpt>
  <wpt lat="32.6062479" lon="-115.4765595"><time>2026-01-01T00:20:06Z</time></wpt>
  <wpt lat="32.6062576" lon="-115.4765688"><time>2026-01-01T00:20:07Z</time></wpt>
  <wpt lat="32.6062674" lon="-115.4765782"><time>2026-01-01T00:20:08Z</time></wpt>
  <wpt lat="32.6062772" lon="-115.4765876"><time>2026-01-01T00:20:09Z</time></wpt>
  <wpt lat="32.6062870" lon="-115.4765969"><time>2026-01-01T00:20:10Z</time></wpt>
  <wpt lat="32.6062968" lon="-115.4766063"><time>2026-01-01T00:20:11Z</time></wpt>
  <wpt lat="32.6063066" lon="-115.4766157"><time>2026-01-01T00:20:12Z</time></wpt>
  <wpt lat="32.6063164" lon="-115.4766251"><time>2026-01-01T00:20:13Z</time></wpt>
  <wpt lat="32.6063262" lon="-115.4766344"><time>2026-01-01T00:20:14Z</time></wpt>
  <wpt lat="32.6063360" lon="-115.4766438"><time>2026-01-01T00:20:15Z</time></wpt>
  <wpt lat="32.6063458" lon="-115.4766532"><time>2026-01-01T00:20:16Z</time></wpt>
  <wpt lat="32.6063556" lon="-115.4766625"><time>2026-01-01T00:20:17Z</time></wpt>
  <wpt lat="32.6063654" lon="-115.4766719"><time>2026-01-01T00:20:18Z</time></wpt>
  <wpt lat="32.6063752" lon="-115.4766813"><time>2026-01-01T00:20:19Z</time></wpt>
  <wpt lat="32.6063849" lon="-115.4766906"><time>2026-01-01T00:20:20Z</time></wpt>
  <wpt lat="32.6063947" lon="-115.4767000"><time>2026-01-01T00:20:21Z</time></wpt>
  <wpt lat="32.6064045" lon="-115.4767094"><time>2026-01-01T00:20:22Z</time></wpt>
  <wpt lat="32.6064143" lon="-115.4767187"><time>2026-01-01T00:20:23Z</time></wpt>
  <wpt lat="32.6064241" lon="-115.4767281"><time>2026-01-01T00:20:24Z</time></wpt>
  <wpt lat="32.6064339" lon="-115.4767375"><time>2026-01-01T00:20:25Z</time></wpt>
  <wpt lat="32.6064437" lon="-115.4767469"><time>2026-01-01T00:20:26Z</time></wpt>
  <wpt lat="32.6064535" lon="-115.4767562"><time>2026-01-01T00:20:27Z</time></wpt>
  <wpt lat="32.6064633" lon="-115.4767656"><time>2026-01-01T00:20:28Z</time></wpt>
  <wpt lat="32.6064731" lon="-115.4767750"><time>2026-01-01T00:20:29Z</time></wpt>
  <wpt lat="32.6064829" lon="-115.4767843"><time>2026-01-01T00:20:30Z</time></wpt>
  <wpt lat="32.6064927" lon="-115.4767937"><time>2026-01-01T00:20:31Z</time></wpt>
  <wpt lat="32.6065025" lon="-115.4768031"><time>2026-01-01T00:20:32Z</time></wpt>
  <wpt lat="32.6065122" lon="-115.4768124"><time>2026-01-01T00:20:33Z</time></wpt>
  <wpt lat="32.6065220" lon="-115.4768218"><time>2026-01-01T00:20:34Z</time></wpt>
  <wpt lat="32.6065318" lon="-115.4768312"><time>2026-01-01T00:20:35Z</time></wpt>
  <wpt lat="32.6065416" lon="-115.4768405"><time>2026-01-01T00:20:36Z</time></wpt>
  <wpt lat="32.6065514" lon="-115.4768499"><time>2026-01-01T00:20:37Z</time></wpt>
  <wpt lat="32.6065612" lon="-115.4768593"><time>2026-01-01T00:20:38Z</time></wpt>
  <wpt lat="32.6065710" lon="-115.4768686"><time>2026-01-01T00:20:39Z</time></wpt>
  <wpt lat="32.6065808" lon="-115.4768780"><time>2026-01-01T00:20:40Z</time></wpt>
  <wpt lat="32.6065906" lon="-115.4768874"><time>2026-01-01T00:20:41Z</time></wpt>
  <wpt lat="32.6066004" lon="-115.4768968"><time>2026-01-01T00:20:42Z</time></wpt>
  <wpt lat="32.6066102" lon="-115.4769061"><time>2026-01-01T00:20:43Z</time></wpt>
  <wpt lat="32.6066200" lon="-115.4769155"><time>2026-01-01T00:20:44Z</time></wpt>
  <wpt lat="32.6066298" lon="-115.4769249"><time>2026-01-01T00:20:45Z</time></wpt>
  <wpt lat="32.6066396" lon="-115.4769342"><time>2026-01-01T00:20:46Z</time></wpt>
  <wpt lat="32.6066493" lon="-115.4769436"><time>2026-01-01T00:20:47Z</time></wpt>
  <wpt lat="32.6066591" lon="-115.4769530"><time>2026-01-01T00:20:48Z</time></wpt>
  <wpt lat="32.6066689" lon="-115.4769623"><time>2026-01-01T00:20:49Z</time></wpt>
  <wpt lat="32.6066787" lon="-115.4769717"><time>2026-01-01T00:20:50Z</time></wpt>
  <wpt lat="32.6066885" lon="-115.4769811"><time>2026-01-01T00:20:51Z</time></wpt>
  <wpt lat="32.6066983" lon="-115.4769904"><time>2026-01-01T00:20:52Z</time></wpt>
  <wpt lat="32.6067081" lon="-115.4769998"><time>2026-01-01T00:20:53Z</time></wpt>
  <wpt lat="32.6067179" lon="-115.4770092"><time>2026-01-01T00:20:54Z</time></wpt>
  <wpt lat="32.6067277" lon="-115.4770186"><time>2026-01-01T00:20:55Z</time></wpt>
  <wpt lat="32.6067375" lon="-115.4770279"><time>2026-01-01T00:20:56Z</time></wpt>
  <wpt lat="32.6067473" lon="-115.4770373"><time>2026-01-01T00:20:57Z</time></wpt>
  <wpt lat="32.6067571" lon="-115.4770467"><time>2026-01-01T00:20:58Z</time></wpt>
  <wpt lat="32.6067669" lon="-115.4770560"><time>2026-01-01T00:20:59Z</time></wpt>
  <wpt lat="32.6067766" lon="-115.4770654"><time>2026-01-01T00:21:00Z</time></wpt>
  <wpt lat="32.6067864" lon="-115.4770748"><time>2026-01-01T00:21:01Z</time></wpt>
  <wpt lat="32.6067962" lon="-115.4770841"><time>2026-01-01T00:21:02Z</time></wpt>
  <wpt lat="32.6068060" lon="-115.4770935"><time>2026-01-01T00:21:03Z</time></wpt>
  <wpt lat="32.6068158" lon="-115.4771029"><time>2026-01-01T00:21:04Z</time></wpt>
  <wpt lat="32.6068256" lon="-115.4771122"><time>2026-01-01T00:21:05Z</time></wpt>
  <wpt lat="32.6068354" lon="-115.4771216"><time>2026-01-01T00:21:06Z</time></wpt>
  <wpt lat="32.6068452" lon="-115.4771310"><time>2026-01-01T00:21:07Z</time></wpt>
  <wpt lat="32.6068550" lon="-115.4771403"><time>2026-01-01T00:21:08Z</time></wpt>
  <wpt lat="32.6068648" lon="-115.4771497"><time>2026-01-01T00:21:09Z</time></wpt>
  <wpt lat="32.6068746" lon="-115.4771591"><time>2026-01-01T00:21:10Z</time></wpt>
  <wpt lat="32.6068844" lon="-115.4771685"><time>2026-01-01T00:21:11Z</time></wpt>
  <wpt lat="32.6068942" lon="-115.4771778"><time>2026-01-01T00:21:12Z</time></wpt>
  <wpt lat="32.6069039" lon="-115.4771872"><time>2026-01-01T00:21:13Z</time></wpt>
  <wpt lat="32.6069137" lon="-115.4771966"><time>2026-01-01T00:21:14Z</time></wpt>
  <wpt lat="32.6069235" lon="-115.4772059"><time>2026-01-01T00:21:15Z</time></wpt>
  <wpt lat="32.6069333" lon="-115.4772153"><time>2026-01-01T00:21:16Z</time></wpt>
  <wpt lat="32.6069431" lon="-115.4772247"><time>2026-01-01T00:21:17Z</time></wpt>
  <wpt lat="32.6069529" lon="-115.4772340"><time>2026-01-01T00:21:18Z</time></wpt>
  <wpt lat="32.6069627" lon="-115.4772434"><time>2026-01-01T00:21:19Z</time></wpt>
  <wpt lat="32.6069725" lon="-115.4772528"><time>2026-01-01T00:21:20Z</time></wpt>
  <wpt lat="32.6069823" lon="-115.4772621"><time>2026-01-01T00:21:21Z</time></wpt>
  <wpt lat="32.6069921" lon="-115.4772715"><time>2026-01-01T00:21:22Z</time></wpt>
  <wpt lat="32.6070019" lon="-115.4772809"><time>2026-01-01T00:21:23Z</time></wpt>
  <wpt lat="32.6070117" lon="-115.4772902"><time>2026-01-01T00:21:24Z</time></wpt>
  <wpt lat="32.6070215" lon="-115.4772996"><time>2026-01-01T00:21:25Z</time></wpt>
  <wpt lat="32.6070312" lon="-115.4773090"><time>2026-01-01T00:21:26Z</time></wpt>
  <wpt lat="32.6070410" lon="-115.4773184"><time>2026-01-01T00:21:27Z</time></wpt>
  <wpt lat="32.6070508" lon="-115.4773277"><time>2026-01-01T00:21:28Z</time></wpt>
  <wpt lat="32.6070606" lon="-115.4773371"><time>2026-01-01T00:21:29Z</time></wpt>
  <wpt lat="32.6070704" lon="-115.4773465"><time>2026-01-01T00:21:30Z</time></wpt>
  <wpt lat="32.6070802" lon="-115.4773558"><time>2026-01-01T00:21:31Z</time></wpt>
  <wpt lat="32.6070900" lon="-115.4773652"><time>2026-01-01T00:21:32Z</time></wpt>
  <wpt lat="32.6070900" lon="-115.4773652"><time>2026-01-01T00:21:33Z</time></wpt>
  <wpt lat="32.6070900" lon="-115.4773652"><time>2026-01-01T00:21:34Z</time></wpt>
  <wpt lat="32.6070900" lon="-115.4773652"><time>2026-01-01T00:21:35Z</time></wpt>
  <wpt lat="32.6070900" lon="-115.4773652"><time>2026-01-01T00:21:36Z</time></wpt>
  <wpt lat="32.6070900" lon="-115.4773652"><time>2026-01-01T00:21:37Z</time></wpt>
  <wpt lat="32.6070900" lon="-115.4773652"><time>2026-01-01T00:21:38Z</time></wpt>
  <wpt lat="32.6070900" lon="-115.4773652"><time>2026-01-01T00:21:39Z</time></wpt>
  <wpt lat="32.6070900" lon="-115.4773652"><time>2026-01-01T00:21:40Z</time></wpt>
  <wpt lat="32.6070900" lon="-115.4773652"><time>2026-01-01T00:21:41Z</time></wpt>
  <wpt lat="32.6070900" lon="-115.4773652"><time>2026-01-01T00:21:42Z</time></wpt>
  <wpt lat="32.6070900" lon="-115.4773652"><time>2026-01-01T00:21:43Z</time></wpt>
  <wpt lat="32.6070900" lon="-115.4773652"><time>2026-01-01T00:21:44Z</time></wpt>
  <wpt lat="32.6070900" lon="-115.4773652"><time>2026-01-01T00:21:45Z</time></wpt>
  <wpt lat="32.6070900" lon="-115.4773652"><time>2026-01-01T00:21:46Z</time></wpt>
  <wpt lat="32.6070900" lon="-115.4773652"><time>2026-01-01T00:21:47Z</time></wpt>
  <wpt lat="32.6070997" lon="-115.4773744"><time>2026-01-01T00:21:48Z</time></wpt>
  <wpt lat="32.6071093" lon="-115.4773837"><time>2026-01-01T00:21:49Z</time></wpt>
  <wpt lat="32.6071190" lon="-115.4773929"><time>2026-01-01T00:21:50Z</time></wpt>
  <wpt lat="32.6071286" lon="-115.4774022"><time>2026-01-01T00:21:51Z</time></wpt>
  <wpt lat="32.6071383" lon="-115.4774114"><time>2026-01-01T00:21:52Z</time></wpt>
  <wpt lat="32.6071479" lon="-115.4774206"><time>2026-01-01T00:21:53Z</time></wpt>
  <wpt lat="32.6071576" lon="-115.4774299"><time>2026-01-01T00:21:54Z</time></wpt>
  <wpt lat="32.6071673" lon="-115.4774391"><time>2026-01-01T00:21:55Z</time></wpt>
  <wpt lat="32.6071769" lon="-115.4774484"><time>2026-01-01T00:21:56Z</time></wpt>
  <wpt lat="32.6071866" lon="-115.4774576"><time>2026-01-01T00:21:57Z</time></wpt>
  <wpt lat="32.6071962" lon="-115.4774668"><time>2026-01-01T00:21:58Z</time></wpt>
  <wpt lat="32.6072059" lon="-115.4774761"><time>2026-01-01T00:21:59Z</time></wpt>
  <wpt lat="32.6072156" lon="-115.4774853"><time>2026-01-01T00:22:00Z</time></wpt>
  <wpt lat="32.6072252" lon="-115.4774946"><time>2026-01-01T00:22:01Z</time></wpt>
  <wpt lat="32.6072349" lon="-115.4775038"><time>2026-01-01T00:22:02Z</time></wpt>
  <wpt lat="32.6072445" lon="-115.4775130"><time>2026-01-01T00:22:03Z</time></wpt>
  <wpt lat="32.6072542" lon="-115.4775223"><time>2026-01-01T00:22:04Z</time></wpt>
  <wpt lat="32.6072638" lon="-115.4775315"><time>2026-01-01T00:22:05Z</time></wpt>
  <wpt lat="32.6072735" lon="-115.4775408"><time>2026-01-01T00:22:06Z</time></wpt>
  <wpt lat="32.6072832" lon="-115.4775500"><time>2026-01-01T00:22:07Z</time></wpt>
  <wpt lat="32.6072928" lon="-115.4775592"><time>2026-01-01T00:22:08Z</time></wpt>
  <wpt lat="32.6073025" lon="-115.4775685"><time>2026-01-01T00:22:09Z</time></wpt>
  <wpt lat="32.6073121" lon="-115.4775777"><time>2026-01-01T00:22:10Z</time></wpt>
  <wpt lat="32.6073218" lon="-115.4775870"><time>2026-01-01T00:22:11Z</time></wpt>
  <wpt lat="32.6073315" lon="-115.4775962"><time>2026-01-01T00:22:12Z</time></wpt>
  <wpt lat="32.6073411" lon="-115.4776054"><time>2026-01-01T00:22:13Z</time></wpt>
  <wpt lat="32.6073508" lon="-115.4776147"><time>2026-01-01T00:22:14Z</time></wpt>
  <wpt lat="32.6073604" lon="-115.4776239"><time>2026-01-01T00:22:15Z</time></wpt>
  <wpt lat="32.6073701" lon="-115.4776332"><time>2026-01-01T00:22:16Z</time></wpt>
  <wpt lat="32.6073797" lon="-115.4776424"><time>2026-01-01T00:22:17Z</time></wpt>
  <wpt lat="32.6073894" lon="-115.4776517"><time>2026-01-01T00:22:18Z</time></wpt>
  <wpt lat="32.6073991" lon="-115.4776609"><time>2026-01-01T00:22:19Z</time></wpt>
  <wpt lat="32.6074087" lon="-115.4776701"><time>2026-01-01T00:22:20Z</time></wpt>
  <wpt lat="32.6074184" lon="-115.4776794"><time>2026-01-01T00:22:21Z</time></wpt>
  <wpt lat="32.6074280" lon="-115.4776886"><time>2026-01-01T00:22:22Z</time></wpt>
  <wpt lat="32.6074377" lon="-115.4776979"><time>2026-01-01T00:22:23Z</time></wpt>
  <wpt lat="32.6074473" lon="-115.4777071"><time>2026-01-01T00:22:24Z</time></wpt>
  <wpt lat="32.6074570" lon="-115.4777163"><time>2026-01-01T00:22:25Z</time></wpt>
  <wpt lat="32.6074667" lon="-115.4777256"><time>2026-01-01T00:22:26Z</time></wpt>
  <wpt lat="32.6074763" lon="-115.4777348"><time>2026-01-01T00:22:27Z</time></wpt>
  <wpt lat="32.6074860" lon="-115.4777441"><time>2026-01-01T00:22:28Z</time></wpt>
  <wpt lat="32.6074956" lon="-115.4777533"><time>2026-01-01T00:22:29Z</time></wpt>
  <wpt lat="32.6075053" lon="-115.4777625"><time>2026-01-01T00:22:30Z</time></wpt>
  <wpt lat="32.6075150" lon="-115.4777718"><time>2026-01-01T00:22:31Z</time></wpt>
  <wpt lat="32.6075246" lon="-115.4777810"><time>2026-01-01T00:22:32Z</time></wpt>
  <wpt lat="32.6075343" lon="-115.4777903"><time>2026-01-01T00:22:33Z</time></wpt>
  <wpt lat="32.6075439" lon="-115.4777995"><time>2026-01-01T00:22:34Z</time></wpt>
  <wpt lat="32.6075536" lon="-115.4778087"><time>2026-01-01T00:22:35Z</time></wpt>
  <wpt lat="32.6075632" lon="-115.4778180"><time>2026-01-01T00:22:36Z</time></wpt>
  <wpt lat="32.6075729" lon="-115.4778272"><time>2026-01-01T00:22:37Z</time></wpt>
  <wpt lat="32.6075826" lon="-115.4778365"><time>2026-01-01T00:22:38Z</time></wpt>
  <wpt lat="32.6075922" lon="-115.4778457"><time>2026-01-01T00:22:39Z</time></wpt>
  <wpt lat="32.6076019" lon="-115.4778549"><time>2026-01-01T00:22:40Z</time></wpt>
  <wpt lat="32.6076115" lon="-115.4778642"><time>2026-01-01T00:22:41Z</time></wpt>
  <wpt lat="32.6076212" lon="-115.4778734"><time>2026-01-01T00:22:42Z</time></wpt>
  <wpt lat="32.6076309" lon="-115.4778827"><time>2026-01-01T00:22:43Z</time></wpt>
  <wpt lat="32.6076405" lon="-115.4778919"><time>2026-01-01T00:22:44Z</time></wpt>
  <wpt lat="32.6076502" lon="-115.4779011"><time>2026-01-01T00:22:45Z</time></wpt>
</gpx>
