<?xml version="1.0" encoding="UTF-8"?>
<gpx version="1.1" creator="Walk-and-Talk make_gpx.py" xmlns="http://www.topografix.com/GPX/1/1">
  <wpt lat="32.6614396" lon="-115.4904722"><time>2026-01-01T00:00:00Z</time></wpt>
  <wpt lat="32.6614450" lon="-115.4904589"><time>2026-01-01T00:00:01Z</time></wpt>
  <wpt lat="32.6614504" lon="-115.4904456"><time>2026-01-01T00:00:02Z</time></wpt>
  <wpt lat="32.6614558" lon="-115.4904324"><time>2026-01-01T00:00:03Z</time></wpt>
  <wpt lat="32.6614612" lon="-115.4904191"><time>2026-01-01T00:00:04Z</time></wpt>
  <wpt lat="32.6614666" lon="-115.4904058"><time>2026-01-01T00:00:05Z</time></wpt>
  <wpt lat="32.6614720" lon="-115.4903926"><time>2026-01-01T00:00:06Z</time></wpt>
  <wpt lat="32.6614774" lon="-115.4903793"><time>2026-01-01T00:00:07Z</time></wpt>
  <wpt lat="32.6614828" lon="-115.4903661"><time>2026-01-01T00:00:08Z</time></wpt>
  <wpt lat="32.6614882" lon="-115.4903528"><time>2026-01-01T00:00:09Z</time></wpt>
  <wpt lat="32.6614936" lon="-115.4903395"><time>2026-01-01T00:00:10Z</time></wpt>
  <wpt lat="32.6614990" lon="-115.4903263"><time>2026-01-01T00:00:11Z</time></wpt>
  <wpt lat="32.6615044" lon="-115.4903130"><time>2026-01-01T00:00:12Z</time></wpt>
  <wpt lat="32.6615098" lon="-115.4902997"><time>2026-01-01T00:00:13Z</time></wpt>
  <wpt lat="32.6615153" lon="-115.4902865"><time>2026-01-01T00:00:14Z</time></wpt>
  <wpt lat="32.6615207" lon="-115.4902732"><time>2026-01-01T00:00:15Z</time></wpt>
  <wpt lat="32.6615261" lon="-115.4902599"><time>2026-01-01T00:00:16Z</time></wpt>
  <wpt lat="32.6615315" lon="-115.4902467"><time>2026-01-01T00:00:17Z</time></wpt>
  <wpt lat="32.6615369" lon="-115.4902334"><time>2026-01-01T00:00:18Z</time></wpt>
  <wpt lat="32.6615423" lon="-115.4902202"><time>2026-01-01T00:00:19Z</time></wpt>
  <wpt lat="32.6615477" lon="-115.4902069"><time>2026-01-01T00:00:20Z</time></wpt>
  <wpt lat="32.6615531" lon="-115.4901936"><time>2026-01-01T00:00:21Z</time></wpt>
  <wpt lat="32.6615585" lon="-115.4901804"><time>2026-01-01T00:00:22Z</time></wpt>
  <wpt lat="32.6615639" lon="-115.4901671"><time>2026-01-01T00:00:23Z</time></wpt>
  <wpt lat="32.6615693" lon="-115.4901538"><time>2026-01-01T00:00:24Z</time></wpt>
  <wpt lat="32.6615747" lon="-115.4901406"><time>2026-01-01T00:00:25Z</time></wpt>
  <wpt lat="32.6615801" lon="-115.4901273"><time>2026-01-01T00:00:26Z</time></wpt>
  <wpt lat="32.6615855" lon="-115.4901141"><time>2026-01-01T00:00:27Z</time></wpt>
  <wpt lat="32.6615909" lon="-115.4901008"><time>2026-01-01T00:00:28Z</time></wpt>
  <wpt lat="32.6615963" lon="-115.4900875"><time>2026-01-01T00:00:29Z</time></wpt>
  <wpt lat="32.6616017" lon="-115.4900743"><time>2026-01-01T00:00:30Z</time></wpt>
  <wpt lat="32.6616071" lon="-115.4900610"><time>2026-01-01T00:00:31Z</time></wpt>
  <wpt lat="32.6616125" lon="-115.4900477"><time>2026-01-01T00:00:32Z</time></wpt>
  <wpt lat="32.6616179" lon="-115.4900345"><time>2026-01-01T00:00:33Z</time></wpt>
  <wpt lat="32.6616233" lon="-115.4900212"><time>2026-01-01T00:00:34Z</time></wpt>
  <wpt lat="32.6616287" lon="-115.4900079"><time>2026-01-01T00:00:35Z</time></wpt>
  <wpt lat="32.6616341" lon="-115.4899947"><time>2026-01-01T00:00:36Z</time></wpt>
  <wpt lat="32.6616395" lon="-115.4899814"><time>2026-01-01T00:00:37Z</time></wpt>
  <wpt lat="32.6616449" lon="-115.4899682"><time>2026-01-01T00:00:38Z</time></wpt>
  <wpt lat="32.6616503" lon="-115.4899549"><time>2026-01-01T00:00:39Z</time></wpt>
  <wpt lat="32.6616557" lon="-115.4899416"><time>2026-01-01T00:00:40Z</time></wpt>
  <wpt lat="32.6616611" lon="-115.4899284"><time>2026-01-01T00:00:41Z</time></wpt>
  <wpt lat="32.6616665" lon="-115.4899151"><time>2026-01-01T00:00:42Z</time></wpt>
  <wpt lat="32.6616719" lon="-115.4899018"><time>2026-01-01T00:00:43Z</time></wpt>
  <wpt lat="32.6616774" lon="-115.4898886"><time>2026-01-01T00:00:44Z</time></wpt>
  <wpt lat="32.6616828" lon="-115.4898753"><time>2026-01-01T00:00:45Z</time></wpt>
  <wpt lat="32.6616882" lon="-115.4898621"><time>2026-01-01T00:00:46Z</time></wpt>
  <wpt lat="32.6616936" lon="-115.4898488"><time>2026-01-01T00:00:47Z</time></wpt>
  <wpt lat="32.6616990" lon="-115.4898355"><time>2026-01-01T00:00:48Z</time></wpt>
  <wpt lat="32.6617044" lon="-115.4898223"><time>2026-01-01T00:00:49Z</time></wpt>
  <wpt lat="32.6617098" lon="-115.4898090"><time>2026-01-01T00:00:50Z</time></wpt>
  <wpt lat="32.6617152" lon="-115.4897957"><time>2026-01-01T00:00:51Z</time></wpt>
  <wpt lat="32.6617206" lon="-115.4897825"><time>2026-01-01T00:00:52Z</time></wpt>
  <wpt lat="32.6617260" lon="-115.4897692"><time>2026-01-01T00:00:53Z</time></wpt>
  <wpt lat="32.6617314" lon="-115.4897560"><time>2026-01-01T00:00:54Z</time></wpt>
  <wpt lat="32.6617368" lon="-115.4897427"><time>2026-01-01T00:00:55Z</time></wpt>
  <wpt lat="32.6617422" lon="-115.4897294"><time>2026-01-01T00:00:56Z</time></wpt>
  <wpt lat="32.6617476" lon="-115.4897162"><time>2026-01-01T00:00:57Z</time></wpt>
  <wpt lat="32.6617530" lon="-115.4897029"><time>2026-01-01T00:00:58Z</time></wpt>
  <wpt lat="32.6617530" lon="-115.4897029"><time>2026-01-01T00:00:59Z</time></wpt>
  <wpt lat="32.6617530" lon="-115.4897029"><time>2026-01-01T00:01:00Z</time></wpt>
  <wpt lat="32.6617530" lon="-115.4897029"><time>2026-01-01T00:01:01Z</time></wpt>
  <wpt lat="32.6617530" lon="-115.4897029"><time>2026-01-01T00:01:02Z</time></wpt>
  <wpt lat="32.6617530" lon="-115.4897029"><time>2026-01-01T00:01:03Z</time></wpt>
  <wpt lat="32.6617530" lon="-115.4897029"><time>2026-01-01T00:01:04Z</time></wpt>
  <wpt lat="32.6617530" lon="-115.4897029"><time>2026-01-01T00:01:05Z</time></wpt>
  <wpt lat="32.6617530" lon="-115.4897029"><time>2026-01-01T00:01:06Z</time></wpt>
  <wpt lat="32.6617530" lon="-115.4897029"><time>2026-01-01T00:01:07Z</time></wpt>
  <wpt lat="32.6617530" lon="-115.4897029"><time>2026-01-01T00:01:08Z</time></wpt>
  <wpt lat="32.6617530" lon="-115.4897029"><time>2026-01-01T00:01:09Z</time></wpt>
  <wpt lat="32.6617530" lon="-115.4897029"><time>2026-01-01T00:01:10Z</time></wpt>
  <wpt lat="32.6617530" lon="-115.4897029"><time>2026-01-01T00:01:11Z</time></wpt>
  <wpt lat="32.6617530" lon="-115.4897029"><time>2026-01-01T00:01:12Z</time></wpt>
  <wpt lat="32.6617530" lon="-115.4897029"><time>2026-01-01T00:01:13Z</time></wpt>
  <wpt lat="32.6617530" lon="-115.4897029"><time>2026-01-01T00:01:14Z</time></wpt>
  <wpt lat="32.6617530" lon="-115.4897029"><time>2026-01-01T00:01:15Z</time></wpt>
  <wpt lat="32.6617530" lon="-115.4897029"><time>2026-01-01T00:01:16Z</time></wpt>
  <wpt lat="32.6617530" lon="-115.4897029"><time>2026-01-01T00:01:17Z</time></wpt>
  <wpt lat="32.6617530" lon="-115.4897029"><time>2026-01-01T00:01:18Z</time></wpt>
  <wpt lat="32.6617530" lon="-115.4897029"><time>2026-01-01T00:01:19Z</time></wpt>
  <wpt lat="32.6617530" lon="-115.4897029"><time>2026-01-01T00:01:20Z</time></wpt>
  <wpt lat="32.6617530" lon="-115.4897029"><time>2026-01-01T00:01:21Z</time></wpt>
  <wpt lat="32.6617530" lon="-115.4897029"><time>2026-01-01T00:01:22Z</time></wpt>
  <wpt lat="32.6617530" lon="-115.4897029"><time>2026-01-01T00:01:23Z</time></wpt>
  <wpt lat="32.6617530" lon="-115.4897029"><time>2026-01-01T00:01:24Z</time></wpt>
  <wpt lat="32.6617530" lon="-115.4897029"><time>2026-01-01T00:01:25Z</time></wpt>
  <wpt lat="32.6617530" lon="-115.4897029"><time>2026-01-01T00:01:26Z</time></wpt>
  <wpt lat="32.6617530" lon="-115.4897029"><time>2026-01-01T00:01:27Z</time></wpt>
  <wpt lat="32.6617530" lon="-115.4897029"><time>2026-01-01T00:01:28Z</time></wpt>
  <wpt lat="32.6617530" lon="-115.4897029"><time>2026-01-01T00:01:29Z</time></wpt>
  <wpt lat="32.6617530" lon="-115.4897029"><time>2026-01-01T00:01:30Z</time></wpt>
  <wpt lat="32.6617530" lon="-115.4897029"><time>2026-01-01T00:01:31Z</time></wpt>
  <wpt lat="32.6617530" lon="-115.4897029"><time>2026-01-01T00:01:32Z</time></wpt>
  <wpt lat="32.6617530" lon="-115.4897029"><time>2026-01-01T00:01:33Z</time></wpt>
  <wpt lat="32.6617530" lon="-115.4897029"><time>2026-01-01T00:01:34Z</time></wpt>
  <wpt lat="32.6617530" lon="-115.4897029"><time>2026-01-01T00:01:35Z</time></wpt>
  <wpt lat="32.6617585" lon="-115.4896895"><time>2026-01-01T00:01:36Z</time></wpt>
  <wpt lat="32.6617639" lon="-115.4896761"><time>2026-01-01T00:01:37Z</time></wpt>
  <wpt lat="32.6617694" lon="-115.4896627"><time>2026-01-01T00:01:38Z</time></wpt>
  <wpt lat="32.6617748" lon="-115.4896494"><time>2026-01-01T00:01:39Z</time></wpt>
  <wpt lat="32.6617803" lon="-115.4896360"><time>2026-01-01T00:01:40Z</time></wpt>
  <wpt lat="32.6617857" lon="-115.4896226"><time>2026-01-01T00:01:41Z</time></wpt>
  <wpt lat="32.6617912" lon="-115.4896092"><time>2026-01-01T00:01:42Z</time></wpt>
  <wpt lat="32.6617966" lon="-115.4895958"><time>2026-01-01T00:01:43Z</time></wpt>
  <wpt lat="32.6618021" lon="-115.4895824"><time>2026-01-01T00:01:44Z</time></wpt>
  <wpt lat="32.6618075" lon="-115.4895690"><time>2026-01-01T00:01:45Z</time></wpt>
  <wpt lat="32.6618130" lon="-115.4895557"><time>2026-01-01T00:01:46Z</time></wpt>
  <wpt lat="32.6618184" lon="-115.4895423"><time>2026-01-01T00:01:47Z</time></wpt>
  <wpt lat="32.6618239" lon="-115.4895289"><time>2026-01-01T00:01:48Z</time></wpt>
  <wpt lat="32.6618293" lon="-115.4895155"><time>2026-01-01T00:01:49Z</time></wpt>
  <wpt lat="32.6618348" lon="-115.4895021"><time>2026-01-01T00:01:50Z</time></wpt>
  <wpt lat="32.6618403" lon="-115.4894887"><time>2026-01-01T00:01:51Z</time></wpt>
  <wpt lat="32.6618457" lon="-115.4894753"><time>2026-01-01T00:01:52Z</time></wpt>
  <wpt lat="32.6618512" lon="-115.4894620"><time>2026-01-01T00:01:53Z</time></wpt>
  <wpt lat="32.6618566" lon="-115.4894486"><time>2026-01-01T00:01:54Z</time></wpt>
  <wpt lat="32.6618621" lon="-115.4894352"><time>2026-01-01T00:01:55Z</time></wpt>
  <wpt lat="32.6618675" lon="-115.4894218"><time>2026-01-01T00:01:56Z</time></wpt>
  <wpt lat="32.6618730" lon="-115.4894084"><time>2026-01-01T00:01:57Z</time></wpt>
  <wpt lat="32.6618784" lon="-115.4893950"><time>2026-01-01T00:01:58Z</time></wpt>
  <wpt lat="32.6618839" lon="-115.4893817"><time>2026-01-01T00:01:59Z</time></wpt>
  <wpt lat="32.6618893" lon="-115.4893683"><time>2026-01-01T00:02:00Z</time></wpt>
  <wpt lat="32.6618948" lon="-115.4893549"><time>2026-01-01T00:02:01Z</time></wpt>
  <wpt lat="32.6619002" lon="-115.4893415"><time>2026-01-01T00:02:02Z</time></wpt>
  <wpt lat="32.6619057" lon="-115.4893281"><time>2026-01-01T00:02:03Z</time></wpt>
  <wpt lat="32.6619111" lon="-115.4893147"><time>2026-01-01T00:02:04Z</time></wpt>
  <wpt lat="32.6619166" lon="-115.4893013"><time>2026-01-01T00:02:05Z</time></wpt>
  <wpt lat="32.6619220" lon="-115.4892880"><time>2026-01-01T00:02:06Z</time></wpt>
  <wpt lat="32.6619275" lon="-115.4892746"><time>2026-01-01T00:02:07Z</time></wpt>
  <wpt lat="32.6619330" lon="-115.4892612"><time>2026-01-01T00:02:08Z</time></wpt>
  <wpt lat="32.6619384" lon="-115.4892478"><time>2026-01-01T00:02:09Z</time></wpt>
  <wpt lat="32.6619439" lon="-115.4892344"><time>2026-01-01T00:02:10Z</time></wpt>
  <wpt lat="32.6619493" lon="-115.4892210"><time>2026-01-01T00:02:11Z</time></wpt>
  <wpt lat="32.6619548" lon="-115.4892076"><time>2026-01-01T00:02:12Z</time></wpt>
  <wpt lat="32.6619602" lon="-115.4891943"><time>2026-01-01T00:02:13Z</time></wpt>
  <wpt lat="32.6619657" lon="-115.4891809"><time>2026-01-01T00:02:14Z</time></wpt>
  <wpt lat="32.6619711" lon="-115.4891675"><time>2026-01-01T00:02:15Z</time></wpt>
  <wpt lat="32.6619766" lon="-115.4891541"><time>2026-01-01T00:02:16Z</time></wpt>
  <wpt lat="32.6619820" lon="-115.4891407"><time>2026-01-01T00:02:17Z</time></wpt>
  <wpt lat="32.6619875" lon="-115.4891273"><time>2026-01-01T00:02:18Z</time></wpt>
  <wpt lat="32.6619929" lon="-115.4891139"><time>2026-01-01T00:02:19Z</time></wpt>
  <wpt lat="32.6619984" lon="-115.4891006"><time>2026-01-01T00:02:20Z</time></wpt>
  <wpt lat="32.6620038" lon="-115.4890872"><time>2026-01-01T00:02:21Z</time></wpt>
  <wpt lat="32.6620093" lon="-115.4890738"><time>2026-01-01T00:02:22Z</time></wpt>
  <wpt lat="32.6620148" lon="-115.4890604"><time>2026-01-01T00:02:23Z</time></wpt>
  <wpt lat="32.6620202" lon="-115.4890470"><time>2026-01-01T00:02:24Z</time></wpt>
  <wpt lat="32.6620257" lon="-115.4890336"><time>2026-01-01T00:02:25Z</time></wpt>
  <wpt lat="32.6620311" lon="-115.4890202"><time>2026-01-01T00:02:26Z</time></wpt>
  <wpt lat="32.6620366" lon="-115.4890069"><time>2026-01-01T00:02:27Z</time></wpt>
  <wpt lat="32.6620420" lon="-115.4889935"><time>2026-01-01T00:02:28Z</time></wpt>
  <wpt lat="32.6620475" lon="-115.4889801"><time>2026-01-01T00:02:29Z</time></wpt>
  <wpt lat="32.6620529" lon="-115.4889667"><time>2026-01-01T00:02:30Z</time></wpt>
  <wpt lat="32.6620584" lon="-115.4889533"><time>2026-01-01T00:02:31Z</time></wpt>
  <wpt lat="32.6620638" lon="-115.4889399"><time>2026-01-01T00:02:32Z</time></wpt>
  <wpt lat="32.6620693" lon="-115.4889266"><time>2026-01-01T00:02:33Z</time></wpt>
  <wpt lat="32.6620747" lon="-115.4889132"><time>2026-01-01T00:02:34Z</time></wpt>
  <wpt lat="32.6620802" lon="-115.4888998"><time>2026-01-01T00:02:35Z</time></wpt>
  <wpt lat="32.6620856" lon="-115.4888864"><time>2026-01-01T00:02:36Z</time></wpt>
  <wpt lat="32.6620911" lon="-115.4888730"><time>2026-01-01T00:02:37Z</time></wpt>
  <wpt lat="32.6620966" lon="-115.4888596"><time>2026-01-01T00:02:38Z</time></wpt>
  <wpt lat="32.6621020" lon="-115.4888462"><time>2026-01-01T00:02:39Z</time></wpt>
  <wpt lat="32.6621075" lon="-115.4888329"><time>2026-01-01T00:02:40Z</time></wpt>
  <wpt lat="32.6621129" lon="-115.4888195"><time>2026-01-01T00:02:41Z</time></wpt>
  <wpt lat="32.6621184" lon="-115.4888061"><time>2026-01-01T00:02:42Z</time></wpt>
  <wpt lat="32.6621238" lon="-115.4887927"><time>2026-01-01T00:02:43Z</time></wpt>
  <wpt lat="32.6621293" lon="-115.4887793"><time>2026-01-01T00:02:44Z</time></wpt>
  <wpt lat="32.6621347" lon="-115.4887659"><time>2026-01-01T00:02:45Z</time></wpt>
  <wpt lat="32.6621402" lon="-115.4887525"><time>2026-01-01T00:02:46Z</time></wpt>
  <wpt lat="32.6621456" lon="-115.4887392"><time>2026-01-01T00:02:47Z</time></wpt>
  <wpt lat="32.6621511" lon="-115.4887258"><time>2026-01-01T00:02:48Z</time></wpt>
  <wpt lat="32.6621565" lon="-115.4887124"><time>2026-01-01T00:02:49Z</time></wpt>
  <wpt lat="32.6621620" lon="-115.4886990"><time>2026-01-01T00:02:50Z</time></wpt>
  <wpt lat="32.6621674" lon="-115.4886856"><time>2026-01-01T00:02:51Z</time></wpt>
  <wpt lat="32.6621729" lon="-115.4886722"><time>2026-01-01T00:02:52Z</time></wpt>
  <wpt lat="32.6621784" lon="-115.4886588"><time>2026-01-01T00:02:53Z</time></wpt>
  <wpt lat="32.6621838" lon="-115.4886455"><time>2026-01-01T00:02:54Z</time></wpt>
  <wpt lat="32.6621893" lon="-115.4886321"><time>2026-01-01T00:02:55Z</time></wpt>
  <wpt lat="32.6621947" lon="-115.4886187"><time>2026-01-01T00:02:56Z</time></wpt>
  <wpt lat="32.6622002" lon="-115.4886053"><time>2026-01-01T00:02:57Z</time></wpt>
  <wpt lat="32.6622056" lon="-115.4885919"><time>2026-01-01T00:02:58Z</time></wpt>
  <wpt lat="32.6622111" lon="-115.4885785"><time>2026-01-01T00:02:59Z</time></wpt>
  <wpt lat="32.6622165" lon="-115.4885651"><time>2026-01-01T00:03:00Z</time></wpt>
  <wpt lat="32.6622220" lon="-115.4885518"><time>2026-01-01T00:03:01Z</time></wpt>
  <wpt lat="32.6622274" lon="-115.4885384"><time>2026-01-01T00:03:02Z</time></wpt>
  <wpt lat="32.6622329" lon="-115.4885250"><time>2026-01-01T00:03:03Z</time></wpt>
  <wpt lat="32.6622383" lon="-115.4885116"><time>2026-01-01T00:03:04Z</time></wpt>
  <wpt lat="32.6622438" lon="-115.4884982"><time>2026-01-01T00:03:05Z</time></wpt>
  <wpt lat="32.6622492" lon="-115.4884848"><time>2026-01-01T00:03:06Z</time></wpt>
  <wpt lat="32.6622547" lon="-115.4884715"><time>2026-01-01T00:03:07Z</time></wpt>
  <wpt lat="32.6622601" lon="-115.4884581"><time>2026-01-01T00:03:08Z</time></wpt>
  <wpt lat="32.6622656" lon="-115.4884447"><time>2026-01-01T00:03:09Z</time></wpt>
  <wpt lat="32.6622711" lon="-115.4884313"><time>2026-01-01T00:03:10Z</time></wpt>
  <wpt lat="32.6622765" lon="-115.4884179"><time>2026-01-01T00:03:11Z</time></wpt>
  <wpt lat="32.6622820" lon="-115.4884045"><time>2026-01-01T00:03:12Z</time></wpt>
  <wpt lat="32.6622874" lon="-115.4883911"><time>2026-01-01T00:03:13Z</time></wpt>
  <wpt lat="32.6622929" lon="-115.4883778"><time>2026-01-01T00:03:14Z</time></wpt>
  <wpt lat="32.6622983" lon="-115.4883644"><time>2026-01-01T00:03:15Z</time></wpt>
  <wpt lat="32.6623038" lon="-115.4883510"><time>2026-01-01T00:03:16Z</time></wpt>
  <wpt lat="32.6623092" lon="-115.4883376"><time>2026-01-01T00:03:17Z</time></wpt>
  <wpt lat="32.6623147" lon="-115.4883242"><time>2026-01-01T00:03:18Z</time></wpt>
  <wpt lat="32.6623201" lon="-115.4883108"><time>2026-01-01T00:03:19Z</time></wpt>
  <wpt lat="32.6623256" lon="-115.4882974"><time>2026-01-01T00:03:20Z</time></wpt>
  <wpt lat="32.6623310" lon="-115.4882841"><time>2026-01-01T00:03:21Z</time></wpt>
  <wpt lat="32.6623365" lon="-115.4882707"><time>2026-01-01T00:03:22Z</time></wpt>
  <wpt lat="32.6623419" lon="-115.4882573"><time>2026-01-01T00:03:23Z</time></wpt>
  <wpt lat="32.6623474" lon="-115.4882439"><time>2026-01-01T00:03:24Z</time></wpt>
  <wpt lat="32.6623474" lon="-115.4882439"><time>2026-01-01T00:03:25Z</time></wpt>
  <wpt lat="32.6623474" lon="-115.4882439"><time>2026-01-01T00:03:26Z</time></wpt>
  <wpt lat="32.6623474" lon="-115.4882439"><time>2026-01-01T00:03:27Z</time></wpt>
  <wpt lat="32.6623474" lon="-115.4882439"><time>2026-01-01T00:03:28Z</time></wpt>
  <wpt lat="32.6623474" lon="-115.4882439"><time>2026-01-01T00:03:29Z</time></wpt>
  <wpt lat="32.6623474" lon="-115.4882439"><time>2026-01-01T00:03:30Z</time></wpt>
  <wpt lat="32.6623474" lon="-115.4882439"><time>2026-01-01T00:03:31Z</time></wpt>
  <wpt lat="32.6623474" lon="-115.4882439"><time>2026-01-01T00:03:32Z</time></wpt>
  <wpt lat="32.6623474" lon="-115.4882439"><time>2026-01-01T00:03:33Z</time></wpt>
  <wpt lat="32.6623474" lon="-115.4882439"><time>2026-01-01T00:03:34Z</time></wpt>
  <wpt lat="32.6623474" lon="-115.4882439"><time>2026-01-01T00:03:35Z</time></wpt>
  <wpt lat="32.6623474" lon="-115.4882439"><time>2026-01-01T00:03:36Z</time></wpt>
  <wpt lat="32.6623474" lon="-115.4882439"><time>2026-01-01T00:03:37Z</time></wpt>
  <wpt lat="32.6623474" lon="-115.4882439"><time>2026-01-01T00:03:38Z</time></wpt>
  <wpt lat="32.6623474" lon="-115.4882439"><time>2026-01-01T00:03:39Z</time></wpt>
  <wpt lat="32.6623474" lon="-115.4882439"><time>2026-01-01T00:03:40Z</time></wpt>
  <wpt lat="32.6623474" lon="-115.4882439"><time>2026-01-01T00:03:41Z</time></wpt>
  <wpt lat="32.6623474" lon="-115.4882439"><time>2026-01-01T00:03:42Z</time></wpt>
  <wpt lat="32.6623583" lon="-115.4882369"><time>2026-01-01T00:03:43Z</time></wpt>
  <wpt lat="32.6623693" lon="-115.4882299"><time>2026-01-01T00:03:44Z</time></wpt>
  <wpt lat="32.6623802" lon="-115.4882229"><time>2026-01-01T00:03:45Z</time></wpt>
  <wpt lat="32.6623911" lon="-115.4882159"><time>2026-01-01T00:03:46Z</time></wpt>
  <wpt lat="32.6624020" lon="-115.4882089"><time>2026-01-01T00:03:47Z</time></wpt>
  <wpt lat="32.6624130" lon="-115.4882019"><time>2026-01-01T00:03:48Z</time></wpt>
  <wpt lat="32.6624239" lon="-115.4881949"><time>2026-01-01T00:03:49Z</time></wpt>
  <wpt lat="32.6624348" lon="-115.4881879"><time>2026-01-01T00:03:50Z</time></wpt>
  <wpt lat="32.6624457" lon="-115.4881809"><time>2026-01-01T00:03:51Z</time></wpt>
  <wpt lat="32.6624567" lon="-115.4881739"><time>2026-01-01T00:03:52Z</time></wpt>
  <wpt lat="32.6624676" lon="-115.4881669"><time>2026-01-01T00:03:53Z</time></wpt>
  <wpt lat="32.6624785" lon="-115.4881599"><time>2026-01-01T00:03:54Z</time></wpt>
  <wpt lat="32.6624894" lon="-115.4881529"><time>2026-01-01T00:03:55Z</time></wpt>
  <wpt lat="32.6625004" lon="-115.4881459"><time>2026-01-01T00:03:56Z</time></wpt>
  <wpt lat="32.6625113" lon="-115.4881389"><time>2026-01-01T00:03:57Z</time></wpt>
  <wpt lat="32.6625222" lon="-115.4881319"><time>2026-01-01T00:03:58Z</time></wpt>
  <wpt lat="32.6625331" lon="-115.4881248"><time>2026-01-01T00:03:59Z</time></wpt>
  <wpt lat="32.6625441" lon="-115.4881178"><time>2026-01-01T00:04:00Z</time></wpt>
  <wpt lat="32.6625550" lon="-115.4881108"><time>2026-01-01T00:04:01Z</time></wpt>
  <wpt lat="32.6625659" lon="-115.4881038"><time>2026-01-01T00:04:02Z</time></wpt>
  <wpt lat="32.6625768" lon="-115.4880968"><time>2026-01-01T00:04:03Z</time></wpt>
  <wpt lat="32.6625878" lon="-115.4880898"><time>2026-01-01T00:04:04Z</time></wpt>
  <wpt lat="32.6625987" lon="-115.4880828"><time>2026-01-01T00:04:05Z</time></wpt>
  <wpt lat="32.6626096" lon="-115.4880758"><time>2026-01-01T00:04:06Z</time></wpt>
  <wpt lat="32.6626206" lon="-115.4880688"><time>2026-01-01T00:04:07Z</time></wpt>
  <wpt lat="32.6626315" lon="-115.4880618"><time>2026-01-01T00:04:08Z</time></wpt>
  <wpt lat="32.6626424" lon="-115.4880548"><time>2026-01-01T00:04:09Z</time></wpt>
  <wpt lat="32.6626533" lon="-115.4880478"><time>2026-01-01T00:04:10Z</time></wpt>
  <wpt lat="32.6626643" lon="-115.4880408"><time>2026-01-01T00:04:11Z</time></wpt>
  <wpt lat="32.6626752" lon="-115.4880338"><time>2026-01-01T00:04:12Z</time></wpt>
  <wpt lat="32.6626861" lon="-115.4880268"><time>2026-01-01T00:04:13Z</time></wpt>
  <wpt lat="32.6626970" lon="-115.4880198"><time>2026-01-01T00:04:14Z</time></wpt>
  <wpt lat="32.6627080" lon="-115.4880128"><time>2026-01-01T00:04:15Z</time></wpt>
  <wpt lat="32.6627189" lon="-115.4880058"><time>2026-01-01T00:04:16Z</time></wpt>
  <wpt lat="32.6627298" lon="-115.4879988"><time>2026-01-01T00:04:17Z</time></wpt>
  <wpt lat="32.6627407" lon="-115.4879918"><time>2026-01-01T00:04:18Z</time></wpt>
  <wpt lat="32.6627517" lon="-115.4879848"><time>2026-01-01T00:04:19Z</time></wpt>
  <wpt lat="32.6627626" lon="-115.4879778"><time>2026-01-01T00:04:20Z</time></wpt>
  <wpt lat="32.6627735" lon="-115.4879708"><time>2026-01-01T00:04:21Z</time></wpt>
  <wpt lat="32.6627844" lon="-115.4879638"><time>2026-01-01T00:04:22Z</time></wpt>
  <wpt lat="32.6627954" lon="-115.4879568"><time>2026-01-01T00:04:23Z</time></wpt>
  <wpt lat="32.6628063" lon="-115.4879498"><time>2026-01-01T00:04:24Z</time></wpt>
  <wpt lat="32.6628172" lon="-115.4879428"><time>2026-01-01T00:04:25Z</time></wpt>
  <wpt lat="32.6628282" lon="-115.4879358"><time>2026-01-01T00:04:26Z</time></wpt>
  <wpt lat="32.6628391" lon="-115.4879288"><time>2026-01-01T00:04:27Z</time></wpt>
  <wpt lat="32.6628500" lon="-115.4879218"><time>2026-01-01T00:04:28Z</time></wpt>
  <wpt lat="32.6628609" lon="-115.4879148"><time>2026-01-01T00:04:29Z</time></wpt>
  <wpt lat="32.6628719" lon="-115.4879078"><time>2026-01-01T00:04:30Z</time></wpt>
  <wpt lat="32.6628828" lon="-115.4879007"><time>2026-01-01T00:04:31Z</time></wpt>
  <wpt lat="32.6628937" lon="-115.4878937"><time>2026-01-01T00:04:32Z</time></wpt>
  <wpt lat="32.6629046" lon="-115.4878867"><time>2026-01-01T00:04:33Z</time></wpt>
  <wpt lat="32.6629156" lon="-115.4878797"><time>2026-01-01T00:04:34Z</time></wpt>
  <wpt lat="32.6629265" lon="-115.4878727"><time>2026-01-01T00:04:35Z</time></wpt>
  <wpt lat="32.6629374" lon="-115.4878657"><time>2026-01-01T00:04:36Z</time></wpt>
  <wpt lat="32.6629483" lon="-115.4878587"><time>2026-01-01T00:04:37Z</time></wpt>
  <wpt lat="32.6629593" lon="-115.4878517"><time>2026-01-01T00:04:38Z</time></wpt>
  <wpt lat="32.6629702" lon="-115.4878447"><time>2026-01-01T00:04:39Z</time></wpt>
  <wpt lat="32.6629811" lon="-115.4878377"><time>2026-01-01T00:04:40Z</time></wpt>
  <wpt lat="32.6629920" lon="-115.4878307"><time>2026-01-01T00:04:41Z</time></wpt>
  <wpt lat="32.6630030" lon="-115.4878237"><time>2026-01-01T00:04:42Z</time></wpt>
  <wpt lat="32.6630139" lon="-115.4878167"><time>2026-01-01T00:04:43Z</time></wpt>
  <wpt lat="32.6630248" lon="-115.4878097"><time>2026-01-01T00:04:44Z</time></wpt>
  <wpt lat="32.6630357" lon="-115.4878027"><time>2026-01-01T00:04:45Z</time></wpt>
  <wpt lat="32.6630467" lon="-115.4877957"><time>2026-01-01T00:04:46Z</time></wpt>
  <wpt lat="32.6630576" lon="-115.4877887"><time>2026-01-01T00:04:47Z</time></wpt>
  <wpt lat="32.6630576" lon="-115.4877887"><time>2026-01-01T00:04:48Z</time></wpt>
  <wpt lat="32.6630576" lon="-115.4877887"><time>2026-01-01T00:04:49Z</time></wpt>
  <wpt lat="32.6630576" lon="-115.4877887"><time>2026-01-01T00:04:50Z</time></wpt>
  <wpt lat="32.6630576" lon="-115.4877887"><time>2026-01-01T00:04:51Z</time></wpt>
  <wpt lat="32.6630576" lon="-115.4877887"><time>2026-01-01T00:04:52Z</time></wpt>
  <wpt lat="32.6630576" lon="-115.4877887"><time>2026-01-01T00:04:53Z</time></wpt>
  <wpt lat="32.6630576" lon="-115.4877887"><time>2026-01-01T00:04:54Z</time></wpt>
  <wpt lat="32.6630576" lon="-115.4877887"><time>2026-01-01T00:04:55Z</time></wpt>
  <wpt lat="32.6630576" lon="-115.4877887"><time>2026-01-01T00:04:56Z</time></wpt>
  <wpt lat="32.6630576" lon="-115.4877887"><time>2026-01-01T00:04:57Z</time></wpt>
  <wpt lat="32.6630576" lon="-115.4877887"><time>2026-01-01T00:04:58Z</time></wpt>
  <wpt lat="32.6630576" lon="-115.4877887"><time>2026-01-01T00:04:59Z</time></wpt>
  <wpt lat="32.6630576" lon="-115.4877887"><time>2026-01-01T00:05:00Z</time></wpt>
  <wpt lat="32.6630667" lon="-115.4877989"><time>2026-01-01T00:05:01Z</time></wpt>
  <wpt lat="32.6630758" lon="-115.4878091"><time>2026-01-01T00:05:02Z</time></wpt>
  <wpt lat="32.6630849" lon="-115.4878193"><time>2026-01-01T00:05:03Z</time></wpt>
  <wpt lat="32.6630940" lon="-115.4878295"><time>2026-01-01T00:05:04Z</time></wpt>
  <wpt lat="32.6631031" lon="-115.4878397"><time>2026-01-01T00:05:05Z</time></wpt>
  <wpt lat="32.6631121" lon="-115.4878499"><time>2026-01-01T00:05:06Z</time></wpt>
  <wpt lat="32.6631212" lon="-115.4878600"><time>2026-01-01T00:05:07Z</time></wpt>
  <wpt lat="32.6631303" lon="-115.4878702"><time>2026-01-01T00:05:08Z</time></wpt>
  <wpt lat="32.6631394" lon="-115.4878804"><time>2026-01-01T00:05:09Z</time></wpt>
  <wpt lat="32.6631485" lon="-115.4878906"><time>2026-01-01T00:05:10Z</time></wpt>
  <wpt lat="32.6631576" lon="-115.4879008"><time>2026-01-01T00:05:11Z</time></wpt>
  <wpt lat="32.6631667" lon="-115.4879110"><time>2026-01-01T00:05:12Z</time></wpt>
  <wpt lat="32.6631758" lon="-115.4879212"><time>2026-01-01T00:05:13Z</time></wpt>
  <wpt lat="32.6631849" lon="-115.4879314"><time>2026-01-01T00:05:14Z</time></wpt>
  <wpt lat="32.6631940" lon="-115.4879416"><time>2026-01-01T00:05:15Z</time></wpt>
  <wpt lat="32.6632031" lon="-115.4879518"><time>2026-01-01T00:05:16Z</time></wpt>
  <wpt lat="32.6632122" lon="-115.4879620"><time>2026-01-01T00:05:17Z</time></wpt>
  <wpt lat="32.6632212" lon="-115.4879722"><time>2026-01-01T00:05:18Z</time></wpt>
  <wpt lat="32.6632303" lon="-115.4879824"><time>2026-01-01T00:05:19Z</time></wpt>
  <wpt lat="32.6632394" lon="-115.4879926"><time>2026-01-01T00:05:20Z</time></wpt>
  <wpt lat="32.6632485" lon="-115.4880027"><time>2026-01-01T00:05:21Z</time></wpt>
  <wpt lat="32.6632576" lon="-115.4880129"><time>2026-01-01T00:05:22Z</time></wpt>
  <wpt lat="32.6632667" lon="-115.4880231"><time>2026-01-01T00:05:23Z</time></wpt>
  <wpt lat="32.6632758" lon="-115.4880333"><time>2026-01-01T00:05:24Z</time></wpt>
  <wpt lat="32.6632849" lon="-115.4880435"><time>2026-01-01T00:05:25Z</time></wpt>
  <wpt lat="32.6632940" lon="-115.4880537"><time>2026-01-01T00:05:26Z</time></wpt>
  <wpt lat="32.6633031" lon="-115.4880639"><time>2026-01-01T00:05:27Z</time></wpt>
  <wpt lat="32.6633122" lon="-115.4880741"><time>2026-01-01T00:05:28Z</time></wpt>
  <wpt lat="32.6633213" lon="-115.4880843"><time>2026-01-01T00:05:29Z</time></wpt>
  <wpt lat="32.6633303" lon="-115.4880945"><time>2026-01-01T00:05:30Z</time></wpt>
  <wpt lat="32.6633394" lon="-115.4881047"><time>2026-01-01T00:05:31Z</time></wpt>
  <wpt lat="32.6633485" lon="-115.4881149"><time>2026-01-01T00:05:32Z</time></wpt>
  <wpt lat="32.6633576" lon="-115.4881251"><time>2026-01-01T00:05:33Z</time></wpt>
  <wpt lat="32.6633667" lon="-115.4881352"><time>2026-01-01T00:05:34Z</time></wpt>
  <wpt lat="32.6633758" lon="-115.4881454"><time>2026-01-01T00:05:35Z</time></wpt>
  <wpt lat="32.6633849" lon="-115.4881556"><time>2026-01-01T00:05:36Z</time></wpt>
  <wpt lat="32.6633940" lon="-115.4881658"><time>2026-01-01T00:05:37Z</time></wpt>
  <wpt lat="32.6634031" lon="-115.4881760"><time>2026-01-01T00:05:38Z</time></wpt>
  <wpt lat="32.6634122" lon="-115.4881862"><time>2026-01-01T00:05:39Z</time></wpt>
  <wpt lat="32.6634213" lon="-115.4881964"><time>2026-01-01T00:05:40Z</time></wpt>
  <wpt lat="32.6634304" lon="-115.4882066"><time>2026-01-01T00:05:41Z</time></wpt>
  <wpt lat="32.6634394" lon="-115.4882168"><time>2026-01-01T00:05:42Z</time></wpt>
  <wpt lat="32.6634485" lon="-115.4882270"><time>2026-01-01T00:05:43Z</time></wpt>
  <wpt lat="32.6634576" lon="-115.4882372"><time>2026-01-01T00:05:44Z</time></wpt>
  <wpt lat="32.6634667" lon="-115.4882474"><time>2026-01-01T00:05:45Z</time></wpt>
  <wpt lat="32.6634758" lon="-115.4882576"><time>2026-01-01T00:05:46Z</time></wpt>
  <wpt lat="32.6634849" lon="-115.4882678"><time>2026-01-01T00:05:47Z</time></wpt>
  <wpt lat="32.6634940" lon="-115.4882779"><time>2026-01-01T00:05:48Z</time></wpt>
  <wpt lat="32.6635031" lon="-115.4882881"><time>2026-01-01T00:05:49Z</time></wpt>
  <wpt lat="32.6635122" lon="-115.4882983"><time>2026-01-01T00:05:50Z</time></wpt>
  <wpt lat="32.6635213" lon="-115.4883085"><time>2026-01-01T00:05:51Z</time></wpt>
  <wpt lat="32.6635304" lon="-115.4883187"><time>2026-01-01T00:05:52Z</time></wpt>
  <wpt lat="32.6635394" lon="-115.4883289"><time>2026-01-01T00:05:53Z</time></wpt>
  <wpt lat="32.6635485" lon="-115.4883391"><time>2026-01-01T00:05:54Z</time></wpt>
  <wpt lat="32.6635576" lon="-115.4883493"><time>2026-01-01T00:05:55Z</time></wpt>
  <wpt lat="32.6635667" lon="-115.4883595"><time>2026-01-01T00:05:56Z</time></wpt>
  <wpt lat="32.6635758" lon="-115.4883697"><time>2026-01-01T00:05:57Z</time></wpt>
  <wpt lat="32.6635849" lon="-115.4883799"><time>2026-01-01T00:05:58Z</time></wpt>
  <wpt lat="32.6635940" lon="-115.4883901"><time>2026-01-01T00:05:59Z</time></wpt>
  <wpt lat="32.6636031" lon="-115.4884003"><time>2026-01-01T00:06:00Z</time></wpt>
  <wpt lat="32.6636122" lon="-115.4884104"><time>2026-01-01T00:06:01Z</time></wpt>
  <wpt lat="32.6636213" lon="-115.4884206"><time>2026-01-01T00:06:02Z</time></wpt>
  <wpt lat="32.6636304" lon="-115.4884308"><time>2026-01-01T00:06:03Z</time></wpt>
  <wpt lat="32.6636395" lon="-115.4884410"><time>2026-01-01T00:06:04Z</time></wpt>
  <wpt lat="32.6636485" lon="-115.4884512"><time>2026-01-01T00:06:05Z</time></wpt>
  <wpt lat="32.6636576" lon="-115.4884614"><time>2026-01-01T00:06:06Z</time></wpt>
  <wpt lat="32.6636667" lon="-115.4884716"><time>2026-01-01T00:06:07Z</time></wpt>
  <wpt lat="32.6636758" lon="-115.4884818"><time>2026-01-01T00:06:08Z</time></wpt>
  <wpt lat="32.6636849" lon="-115.4884920"><time>2026-01-01T00:06:09Z</time></wpt>
  <wpt lat="32.6636940" lon="-115.4885022"><time>2026-01-01T00:06:10Z</time></wpt>
  <wpt lat="32.6637031" lon="-115.4885124"><time>2026-01-01T00:06:11Z</time></wpt>
  <wpt lat="32.6637122" lon="-115.4885226"><time>2026-01-01T00:06:12Z</time></wpt>
  <wpt lat="32.6637213" lon="-115.4885328"><time>2026-01-01T00:06:13Z</time></wpt>
  <wpt lat="32.6637304" lon="-115.4885429"><time>2026-01-01T00:06:14Z</time></wpt>
  <wpt lat="32.6637395" lon="-115.4885531"><time>2026-01-01T00:06:15Z</time></wpt>
  <wpt lat="32.6637486" lon="-115.4885633"><time>2026-01-01T00:06:16Z</time></wpt>
  <wpt lat="32.6637576" lon="-115.4885735"><time>2026-01-01T00:06:17Z</time></wpt>
  <wpt lat="32.6637667" lon="-115.4885837"><time>2026-01-01T00:06:18Z</time></wpt>
  <wpt lat="32.6637758" lon="-115.4885939"><time>2026-01-01T00:06:19Z</time></wpt>
  <wpt lat="32.6637849" lon="-115.4886041"><time>2026-01-01T00:06:20Z</time></wpt>
  <wpt lat="32.6637940" lon="-115.4886143"><time>2026-01-01T00:06:21Z</time></wpt>
  <wpt lat="32.6638031" lon="-115.4886245"><time>2026-01-01T00:06:22Z</time></wpt>
  <wpt lat="32.6638122" lon="-115.4886347"><time>2026-01-01T00:06:23Z</time></wpt>
  <wpt lat="32.6638213" lon="-115.4886449"><time>2026-01-01T00:06:24Z</time></wpt>
  <wpt lat="32.6638304" lon="-115.4886551"><time>2026-01-01T00:06:25Z</time></wpt>
  <wpt lat="32.6638395" lon="-115.4886653"><time>2026-01-01T00:06:26Z</time></wpt>
  <wpt lat="32.6638486" lon="-115.4886755"><time>2026-01-01T00:06:27Z</time></wpt>
  <wpt lat="32.6638577" lon="-115.4886856"><time>2026-01-01T00:06:28Z</time></wpt>
  <wpt lat="32.6638667" lon="-115.4886958"><time>2026-01-01T00:06:29Z</time></wpt>
  <wpt lat="32.6638758" lon="-115.4887060"><time>2026-01-01T00:06:30Z</time></wpt>
  <wpt lat="32.6638849" lon="-115.4887162"><time>2026-01-01T00:06:31Z</time></wpt>
  <wpt lat="32.6638940" lon="-115.4887264"><time>2026-01-01T00:06:32Z</time></wpt>
  <wpt lat="32.6639031" lon="-115.4887366"><time>2026-01-01T00:06:33Z</time></wpt>
  <wpt lat="32.6639122" lon="-115.4887468"><time>2026-01-01T00:06:34Z</time></wpt>
  <wpt lat="32.6639122" lon="-115.4887468"><time>2026-01-01T00:06:35Z</time></wpt>
  <wpt lat="32.6639122" lon="-115.4887468"><time>2026-01-01T00:06:36Z</time></wpt>
  <wpt lat="32.6639122" lon="-115.4887468"><time>2026-01-01T00:06:37Z</time></wpt>
  <wpt lat="32.6639122" lon="-115.4887468"><time>2026-01-01T00:06:38Z</time></wpt>
  <wpt lat="32.6639122" lon="-115.4887468"><time>2026-01-01T00:06:39Z</time></wpt>
  <wpt lat="32.6639122" lon="-115.4887468"><time>2026-01-01T00:06:40Z</time></wpt>
  <wpt lat="32.6639122" lon="-115.4887468"><time>2026-01-01T00:06:41Z</time></wpt>
  <wpt lat="32.6639122" lon="-115.4887468"><time>2026-01-01T00:06:42Z</time></wpt>
  <wpt lat="32.6639122" lon="-115.4887468"><time>2026-01-01T00:06:43Z</time></wpt>
  <wpt lat="32.6639122" lon="-115.4887468"><time>2026-01-01T00:06:44Z</time></wpt>
  <wpt lat="32.6639122" lon="-115.4887468"><time>2026-01-01T00:06:45Z</time></wpt>
  <wpt lat="32.6639122" lon="-115.4887468"><time>2026-01-01T00:06:46Z</time></wpt>
  <wpt lat="32.6639122" lon="-115.4887468"><time>2026-01-01T00:06:47Z</time></wpt>
  <wpt lat="32.6639122" lon="-115.4887468"><time>2026-01-01T00:06:48Z</time></wpt>
  <wpt lat="32.6639122" lon="-115.4887468"><time>2026-01-01T00:06:49Z</time></wpt>
  <wpt lat="32.6639122" lon="-115.4887468"><time>2026-01-01T00:06:50Z</time></wpt>
  <wpt lat="32.6639122" lon="-115.4887468"><time>2026-01-01T00:06:51Z</time></wpt>
  <wpt lat="32.6639031" lon="-115.4887569"><time>2026-01-01T00:06:52Z</time></wpt>
  <wpt lat="32.6638939" lon="-115.4887670"><time>2026-01-01T00:06:53Z</time></wpt>
  <wpt lat="32.6638848" lon="-115.4887772"><time>2026-01-01T00:06:54Z</time></wpt>
  <wpt lat="32.6638757" lon="-115.4887873"><time>2026-01-01T00:06:55Z</time></wpt>
  <wpt lat="32.6638665" lon="-115.4887974"><time>2026-01-01T00:06:56Z</time></wpt>
  <wpt lat="32.6638574" lon="-115.4888075"><time>2026-01-01T00:06:57Z</time></wpt>
  <wpt lat="32.6638483" lon="-115.4888177"><time>2026-01-01T00:06:58Z</time></wpt>
  <wpt lat="32.6638391" lon="-115.4888278"><time>2026-01-01T00:06:59Z</time></wpt>
  <wpt lat="32.6638300" lon="-115.4888379"><time>2026-01-01T00:07:00Z</time></wpt>
  <wpt lat="32.6638209" lon="-115.4888480"><time>2026-01-01T00:07:01Z</time></wpt>
  <wpt lat="32.6638117" lon="-115.4888581"><time>2026-01-01T00:07:02Z</time></wpt>
  <wpt lat="32.6638026" lon="-115.4888683"><time>2026-01-01T00:07:03Z</time></wpt>
  <wpt lat="32.6637935" lon="-115.4888784"><time>2026-01-01T00:07:04Z</time></wpt>
  <wpt lat="32.6637843" lon="-115.4888885"><time>2026-01-01T00:07:05Z</time></wpt>
  <wpt lat="32.6637752" lon="-115.4888986"><time>2026-01-01T00:07:06Z</time></wpt>
  <wpt lat="32.6637661" lon="-115.4889088"><time>2026-01-01T00:07:07Z</time></wpt>
  <wpt lat="32.6637569" lon="-115.4889189"><time>2026-01-01T00:07:08Z</time></wpt>
  <wpt lat="32.6637478" lon="-115.4889290"><time>2026-01-01T00:07:09Z</time></wpt>
  <wpt lat="32.6637387" lon="-115.4889391"><time>2026-01-01T00:07:10Z</time></wpt>
  <wpt lat="32.6637295" lon="-115.4889493"><time>2026-01-01T00:07:11Z</time></wpt>
  <wpt lat="32.6637204" lon="-115.4889594"><time>2026-01-01T00:07:12Z</time></wpt>
  <wpt lat="32.6637113" lon="-115.4889695"><time>2026-01-01T00:07:13Z</time></wpt>
  <wpt lat="32.6637021" lon="-115.4889796"><time>2026-01-01T00:07:14Z</time></wpt>
  <wpt lat="32.6636930" lon="-115.4889897"><time>2026-01-01T00:07:15Z</time></wpt>
  <wpt lat="32.6636839" lon="-115.4889999"><time>2026-01-01T00:07:16Z</time></wpt>
  <wpt lat="32.6636747" lon="-115.4890100"><time>2026-01-01T00:07:17Z</time></wpt>
  <wpt lat="32.6636656" lon="-115.4890201"><time>2026-01-01T00:07:18Z</time></wpt>
  <wpt lat="32.6636565" lon="-115.4890302"><time>2026-01-01T00:07:19Z</time></wpt>
  <wpt lat="32.6636473" lon="-115.4890404"><time>2026-01-01T00:07:20Z</time></wpt>
  <wpt lat="32.6636382" lon="-115.4890505"><time>2026-01-01T00:07:21Z</time></wpt>
  <wpt lat="32.6636291" lon="-115.4890606"><time>2026-01-01T00:07:22Z</time></wpt>
  <wpt lat="32.6636199" lon="-115.4890707"><time>2026-01-01T00:07:23Z</time></wpt>
  <wpt lat="32.6636108" lon="-115.4890808"><time>2026-01-01T00:07:24Z</time></wpt>
  <wpt lat="32.6636017" lon="-115.4890910"><time>2026-01-01T00:07:25Z</time></wpt>
  <wpt lat="32.6635925" lon="-115.4891011"><time>2026-01-01T00:07:26Z</time></wpt>
  <wpt lat="32.6635834" lon="-115.4891112"><time>2026-01-01T00:07:27Z</time></wpt>
  <wpt lat="32.6635743" lon="-115.4891213"><time>2026-01-01T00:07:28Z</time></wpt>
  <wpt lat="32.6635651" lon="-115.4891315"><time>2026-01-01T00:07:29Z</time></wpt>
  <wpt lat="32.6635560" lon="-115.4891416"><time>2026-01-01T00:07:30Z</time></wpt>
  <wpt lat="32.6635469" lon="-115.4891517"><time>2026-01-01T00:07:31Z</time></wpt>
  <wpt lat="32.6635377" lon="-115.4891618"><time>2026-01-01T00:07:32Z</time></wpt>
  <wpt lat="32.6635286" lon="-115.4891720"><time>2026-01-01T00:07:33Z</time></wpt>
  <wpt lat="32.6635195" lon="-115.4891821"><time>2026-01-01T00:07:34Z</time></wpt>
  <wpt lat="32.6635103" lon="-115.4891922"><time>2026-01-01T00:07:35Z</time></wpt>
  <wpt lat="32.6635012" lon="-115.4892023"><time>2026-01-01T00:07:36Z</time></wpt>
  <wpt lat="32.6634921" lon="-115.4892124"><time>2026-01-01T00:07:37Z</time></wpt>
  <wpt lat="32.6634829" lon="-115.4892226"><time>2026-01-01T00:07:38Z</time></wpt>
  <wpt lat="32.6634738" lon="-115.4892327"><time>2026-01-01T00:07:39Z</time></wpt>
  <wpt lat="32.6634647" lon="-115.4892428"><time>2026-01-01T00:07:40Z</time></wpt>
  <wpt lat="32.6634555" lon="-115.4892529"><time>2026-01-01T00:07:41Z</time></wpt>
  <wpt lat="32.6634464" lon="-115.4892631"><time>2026-01-01T00:07:42Z</time></wpt>
  <wpt lat="32.6634373" lon="-115.4892732"><time>2026-01-01T00:07:43Z</time></wpt>
  <wpt lat="32.6634281" lon="-115.4892833"><time>2026-01-01T00:07:44Z</time></wpt>
  <wpt lat="32.6634190" lon="-115.4892934"><time>2026-01-01T00:07:45Z</time></wpt>
  <wpt lat="32.6634099" lon="-115.4893035"><time>2026-01-01T00:07:46Z</time></wpt>
  <wpt lat="32.6634007" lon="-115.4893137"><time>2026-01-01T00:07:47Z</time></wpt>
  <wpt lat="32.6633916" lon="-115.4893238"><time>2026-01-01T00:07:48Z</time></wpt>
  <wpt lat="32.6633825" lon="-115.4893339"><time>2026-01-01T00:07:49Z</time></wpt>
  <wpt lat="32.6633733" lon="-115.4893440"><time>2026-01-01T00:07:50Z</time></wpt>
  <wpt lat="32.6633642" lon="-115.4893542"><time>2026-01-01T00:07:51Z</time></wpt>
  <wpt lat="32.6633551" lon="-115.4893643"><time>2026-01-01T00:07:52Z</time></wpt>
  <wpt lat="32.6633459" lon="-115.4893744"><time>2026-01-01T00:07:53Z</time></wpt>
  <wpt lat="32.6633368" lon="-115.4893845"><time>2026-01-01T00:07:54Z</time></wpt>
  <wpt lat="32.6633277" lon="-115.4893947"><time>2026-01-01T00:07:55Z</time></wpt>
  <wpt lat="32.6633185" lon="-115.4894048"><time>2026-01-01T00:07:56Z</time></wpt>
  <wpt lat="32.6633094" lon="-115.4894149"><time>2026-01-01T00:07:57Z</time></wpt>
  <wpt lat="32.6633003" lon="-115.4894250"><time>2026-01-01T00:07:58Z</time></wpt>
  <wpt lat="32.6632911" lon="-115.4894351"><time>2026-01-01T00:07:59Z</time></wpt>
  <wpt lat="32.6632820" lon="-115.4894453"><time>2026-01-01T00:08:00Z</time></wpt>
  <wpt lat="32.6632729" lon="-115.4894554"><time>2026-01-01T00:08:01Z</time></wpt>
  <wpt lat="32.6632637" lon="-115.4894655"><time>2026-01-01T00:08:02Z</time></wpt>
  <wpt lat="32.6632546" lon="-115.4894756"><time>2026-01-01T00:08:03Z</time></wpt>
  <wpt lat="32.6632455" lon="-115.4894858"><time>2026-01-01T00:08:04Z</time></wpt>
  <wpt lat="32.6632363" lon="-115.4894959"><time>2026-01-01T00:08:05Z</time></wpt>
  <wpt lat="32.6632272" lon="-115.4895060"><time>2026-01-01T00:08:06Z</time></wpt>
  <wpt lat="32.6632272" lon="-115.4895060"><time>2026-01-01T00:08:07Z</time></wpt>
  <wpt lat="32.6632272" lon="-115.4895060"><time>2026-01-01T00:08:08Z</time></wpt>
  <wpt lat="32.6632272" lon="-115.4895060"><time>2026-01-01T00:08:09Z</time></wpt>
  <wpt lat="32.6632272" lon="-115.4895060"><time>2026-01-01T00:08:10Z</time></wpt>
  <wpt lat="32.6632272" lon="-115.4895060"><time>2026-01-01T00:08:11Z</time></wpt>
  <wpt lat="32.6632272" lon="-115.4895060"><time>2026-01-01T00:08:12Z</time></wpt>
  <wpt lat="32.6632272" lon="-115.4895060"><time>2026-01-01T00:08:13Z</time></wpt>
  <wpt lat="32.6632272" lon="-115.4895060"><time>2026-01-01T00:08:14Z</time></wpt>
  <wpt lat="32.6632272" lon="-115.4895060"><time>2026-01-01T00:08:15Z</time></wpt>
  <wpt lat="32.6632272" lon="-115.4895060"><time>2026-01-01T00:08:16Z</time></wpt>
  <wpt lat="32.6632272" lon="-115.4895060"><time>2026-01-01T00:08:17Z</time></wpt>
  <wpt lat="32.6632272" lon="-115.4895060"><time>2026-01-01T00:08:18Z</time></wpt>
  <wpt lat="32.6632272" lon="-115.4895060"><time>2026-01-01T00:08:19Z</time></wpt>
  <wpt lat="32.6632272" lon="-115.4895060"><time>2026-01-01T00:08:20Z</time></wpt>
  <wpt lat="32.6632272" lon="-115.4895060"><time>2026-01-01T00:08:21Z</time></wpt>
  <wpt lat="32.6632272" lon="-115.4895060"><time>2026-01-01T00:08:22Z</time></wpt>
  <wpt lat="32.6632272" lon="-115.4895060"><time>2026-01-01T00:08:23Z</time></wpt>
  <wpt lat="32.6632272" lon="-115.4895060"><time>2026-01-01T00:08:24Z</time></wpt>
  <wpt lat="32.6632272" lon="-115.4895060"><time>2026-01-01T00:08:25Z</time></wpt>
  <wpt lat="32.6632272" lon="-115.4895060"><time>2026-01-01T00:08:26Z</time></wpt>
  <wpt lat="32.6632272" lon="-115.4895060"><time>2026-01-01T00:08:27Z</time></wpt>
  <wpt lat="32.6632272" lon="-115.4895060"><time>2026-01-01T00:08:28Z</time></wpt>
  <wpt lat="32.6632272" lon="-115.4895060"><time>2026-01-01T00:08:29Z</time></wpt>
  <wpt lat="32.6632272" lon="-115.4895060"><time>2026-01-01T00:08:30Z</time></wpt>
  <wpt lat="32.6632272" lon="-115.4895060"><time>2026-01-01T00:08:31Z</time></wpt>
  <wpt lat="32.6632272" lon="-115.4895060"><time>2026-01-01T00:08:32Z</time></wpt>
  <wpt lat="32.6632272" lon="-115.4895060"><time>2026-01-01T00:08:33Z</time></wpt>
  <wpt lat="32.6632272" lon="-115.4895060"><time>2026-01-01T00:08:34Z</time></wpt>
  <wpt lat="32.6632272" lon="-115.4895060"><time>2026-01-01T00:08:35Z</time></wpt>
  <wpt lat="32.6632272" lon="-115.4895060"><time>2026-01-01T00:08:36Z</time></wpt>
  <wpt lat="32.6632272" lon="-115.4895060"><time>2026-01-01T00:08:37Z</time></wpt>
  <wpt lat="32.6632272" lon="-115.4895060"><time>2026-01-01T00:08:38Z</time></wpt>
  <wpt lat="32.6632272" lon="-115.4895060"><time>2026-01-01T00:08:39Z</time></wpt>
  <wpt lat="32.6632272" lon="-115.4895060"><time>2026-01-01T00:08:40Z</time></wpt>
  <wpt lat="32.6632272" lon="-115.4895060"><time>2026-01-01T00:08:41Z</time></wpt>
  <wpt lat="32.6632272" lon="-115.4895060"><time>2026-01-01T00:08:42Z</time></wpt>
  <wpt lat="32.6632272" lon="-115.4895060"><time>2026-01-01T00:08:43Z</time></wpt>
  <wpt lat="32.6632232" lon="-115.4895201"><time>2026-01-01T00:08:44Z</time></wpt>
  <wpt lat="32.6632193" lon="-115.4895341"><time>2026-01-01T00:08:45Z</time></wpt>
  <wpt lat="32.6632153" lon="-115.4895482"><time>2026-01-01T00:08:46Z</time></wpt>
  <wpt lat="32.6632114" lon="-115.4895623"><time>2026-01-01T00:08:47Z</time></wpt>
  <wpt lat="32.6632074" lon="-115.4895764"><time>2026-01-01T00:08:48Z</time></wpt>
  <wpt lat="32.6632035" lon="-115.4895904"><time>2026-01-01T00:08:49Z</time></wpt>
  <wpt lat="32.6631995" lon="-115.4896045"><time>2026-01-01T00:08:50Z</time></wpt>
  <wpt lat="32.6631956" lon="-115.4896186"><time>2026-01-01T00:08:51Z</time></wpt>
  <wpt lat="32.6631916" lon="-115.4896326"><time>2026-01-01T00:08:52Z</time></wpt>
  <wpt lat="32.6631877" lon="-115.4896467"><time>2026-01-01T00:08:53Z</time></wpt>
  <wpt lat="32.6631837" lon="-115.4896608"><time>2026-01-01T00:08:54Z</time></wpt>
  <wpt lat="32.6631798" lon="-115.4896749"><time>2026-01-01T00:08:55Z</time></wpt>
  <wpt lat="32.6631758" lon="-115.4896889"><time>2026-01-01T00:08:56Z</time></wpt>
  <wpt lat="32.6631719" lon="-115.4897030"><time>2026-01-01T00:08:57Z</time></wpt>
  <wpt lat="32.6631679" lon="-115.4897171"><time>2026-01-01T00:08:58Z</time></wpt>
  <wpt lat="32.6631640" lon="-115.4897311"><time>2026-01-01T00:08:59Z</time></wpt>
  <wpt lat="32.6631600" lon="-115.4897452"><time>2026-01-01T00:09:00Z</time></wpt>
  <wpt lat="32.6631561" lon="-115.4897593"><time>2026-01-01T00:09:01Z</time></wpt>
  <wpt lat="32.6631521" lon="-115.4897734"><time>2026-01-01T00:09:02Z</time></wpt>
  <wpt lat="32.6631482" lon="-115.4897874"><time>2026-01-01T00:09:03Z</time></wpt>
  <wpt lat="32.6631442" lon="-115.4898015"><time>2026-01-01T00:09:04Z</time></wpt>
  <wpt lat="32.6631403" lon="-115.4898156"><time>2026-01-01T00:09:05Z</time></wpt>
  <wpt lat="32.6631363" lon="-115.4898296"><time>2026-01-01T00:09:06Z</time></wpt>
  <wpt lat="32.6631324" lon="-115.4898437"><time>2026-01-01T00:09:07Z</time></wpt>
  <wpt lat="32.6631284" lon="-115.4898578"><time>2026-01-01T00:09:08Z</time></wpt>
  <wpt lat="32.6631245" lon="-115.4898718"><time>2026-01-01T00:09:09Z</time></wpt>
  <wpt lat="32.6631205" lon="-115.4898859"><time>2026-01-01T00:09:10Z</time></wpt>
  <wpt lat="32.6631166" lon="-115.4899000"><time>2026-01-01T00:09:11Z</time></wpt>
  <wpt lat="32.6631126" lon="-115.4899141"><time>2026-01-01T00:09:12Z</time></wpt>
  <wpt lat="32.6631087" lon="-115.4899281"><time>2026-01-01T00:09:13Z</time></wpt>
  <wpt lat="32.6631047" lon="-115.4899422"><time>2026-01-01T00:09:14Z</time></wpt>
  <wpt lat="32.6631008" lon="-115.4899563"><time>2026-01-01T00:09:15Z</time></wpt>
  <wpt lat="32.6630968" lon="-115.4899703"><time>2026-01-01T00:09:16Z</time></wpt>
  <wpt lat="32.6630929" lon="-115.4899844"><time>2026-01-01T00:09:17Z</time></wpt>
  <wpt lat="32.6630889" lon="-115.4899985"><time>2026-01-01T00:09:18Z</time></wpt>
  <wpt lat="32.6630850" lon="-115.4900126"><time>2026-01-01T00:09:19Z</time></wpt>
  <wpt lat="32.6630810" lon="-115.4900266"><time>2026-01-01T00:09:20Z</time></wpt>
  <wpt lat="32.6630771" lon="-115.4900407"><time>2026-01-01T00:09:21Z</time></wpt>
  <wpt lat="32.6630731" lon="-115.4900548"><time>2026-01-01T00:09:22Z</time></wpt>
  <wpt lat="32.6630692" lon="-115.4900688"><time>2026-01-01T00:09:23Z</time></wpt>
  <wpt lat="32.6630652" lon="-115.4900829"><time>2026-01-01T00:09:24Z</time></wpt>
  <wpt lat="32.6630613" lon="-115.4900970"><time>2026-01-01T00:09:25Z</time></wpt>
  <wpt lat="32.6630573" lon="-115.4901111"><time>2026-01-01T00:09:26Z</time></wpt>
  <wpt lat="32.6630534" lon="-115.4901251"><time>2026-01-01T00:09:27Z</time></wpt>
  <wpt lat="32.6630494" lon="-115.4901392"><time>2026-01-01T00:09:28Z</time></wpt>
  <wpt lat="32.6630455" lon="-115.4901533"><time>2026-01-01T00:09:29Z</time></wpt>
  <wpt lat="32.6630415" lon="-115.4901673"><time>2026-01-01T00:09:30Z</time></wpt>
  <wpt lat="32.6630376" lon="-115.4901814"><time>2026-01-01T00:09:31Z</time></wpt>
  <wpt lat="32.6630336" lon="-115.4901955"><time>2026-01-01T00:09:32Z</time></wpt>
  <wpt lat="32.6630297" lon="-115.4902096"><time>2026-01-01T00:09:33Z</time></wpt>
  <wpt lat="32.6630257" lon="-115.4902236"><time>2026-01-01T00:09:34Z</time></wpt>
  <wpt lat="32.6630218" lon="-115.4902377"><time>2026-01-01T00:09:35Z</time></wpt>
  <wpt lat="32.6630178" lon="-115.4902518"><time>2026-01-01T00:09:36Z</time></wpt>
  <wpt lat="32.6630139" lon="-115.4902658"><time>2026-01-01T00:09:37Z</time></wpt>
  <wpt lat="32.6630099" lon="-115.4902799"><time>2026-01-01T00:09:38Z</time></wpt>
  <wpt lat="32.6630060" lon="-115.4902940"><time>2026-01-01T00:09:39Z</time></wpt>
  <wpt lat="32.6630020" lon="-115.4903081"><time>2026-01-01T00:09:40Z</time></wpt>
  <wpt lat="32.6629980" lon="-115.4903221"><time>2026-01-01T00:09:41Z</time></wpt>
  <wpt lat="32.6629941" lon="-115.4903362"><time>2026-01-01T00:09:42Z</time></wpt>
  <wpt lat="32.6629901" lon="-115.4903503"><time>2026-01-01T00:09:43Z</time></wpt>
  <wpt lat="32.6629862" lon="-115.4903643"><time>2026-01-01T00:09:44Z</time></wpt>
  <wpt lat="32.6629822" lon="-115.4903784"><time>2026-01-01T00:09:45Z</time></wpt>
  <wpt lat="32.6629783" lon="-115.4903925"><time>2026-01-01T00:09:46Z</time></wpt>
  <wpt lat="32.6629743" lon="-115.4904065"><time>2026-01-01T00:09:47Z</time></wpt>
  <wpt lat="32.6629704" lon="-115.4904206"><time>2026-01-01T00:09:48Z</time></wpt>
  <wpt lat="32.6629664" lon="-115.4904347"><time>2026-01-01T00:09:49Z</time></wpt>
  <wpt lat="32.6629625" lon="-115.4904488"><time>2026-01-01T00:09:50Z</time></wpt>
  <wpt lat="32.6629585" lon="-115.4904628"><time>2026-01-01T00:09:51Z</time></wpt>
  <wpt lat="32.6629546" lon="-115.4904769"><time>2026-01-01T00:09:52Z</time></wpt>
  <wpt lat="32.6629506" lon="-115.4904910"><time>2026-01-01T00:09:53Z</time></wpt>
  <wpt lat="32.6629467" lon="-115.4905050"><time>2026-01-01T00:09:54Z</time></wpt>
  <wpt lat="32.6629427" lon="-115.4905191"><time>2026-01-01T00:09:55Z</time></wpt>
  <wpt lat="32.6629388" lon="-115.4905332"><time>2026-01-01T00:09:56Z</time></wpt>
  <wpt lat="32.6629348" lon="-115.4905473"><time>2026-01-01T00:09:57Z</time></wpt>
  <wpt lat="32.6629309" lon="-115.4905613"><time>2026-01-01T00:09:58Z</time></wpt>
  <wpt lat="32.6629269" lon="-115.4905754"><time>2026-01-01T00:09:59Z</time></wpt>
  <wpt lat="32.6629230" lon="-115.4905895"><time>2026-01-01T00:10:00Z</time></wpt>
  <wpt lat="32.6629190" lon="-115.4906035"><time>2026-01-01T00:10:01Z</time></wpt>
  <wpt lat="32.6629151" lon="-115.4906176"><time>2026-01-01T00:10:02Z</time></wpt>
  <wpt lat="32.6629111" lon="-115.4906317"><time>2026-01-01T00:10:03Z</time></wpt>
  <wpt lat="32.6629072" lon="-115.4906458"><time>2026-01-01T00:10:04Z</time></wpt>
  <wpt lat="32.6629032" lon="-115.4906598"><time>2026-01-01T00:10:05Z</time></wpt>
  <wpt lat="32.6628993" lon="-115.4906739"><time>2026-01-01T00:10:06Z</time></wpt>
  <wpt lat="32.6628953" lon="-115.4906880"><time>2026-01-01T00:10:07Z</time></wpt>
  <wpt lat="32.6628914" lon="-115.4907020"><time>2026-01-01T00:10:08Z</time></wpt>
  <wpt lat="32.6628874" lon="-115.4907161"><time>2026-01-01T00:10:09Z</time></wpt>
  <wpt lat="32.6628835" lon="-115.4907302"><time>2026-01-01T00:10:10Z</time></wpt>
  <wpt lat="32.6628795" lon="-115.4907443"><time>2026-01-01T00:10:11Z</time></wpt>
  <wpt lat="32.6628756" lon="-115.4907583"><time>2026-01-01T00:10:12Z</time></wpt>
  <wpt lat="32.6628716" lon="-115.4907724"><time>2026-01-01T00:10:13Z</time></wpt>
  <wpt lat="32.6628677" lon="-115.4907865"><time>2026-01-01T00:10:14Z</time></wpt>
  <wpt lat="32.6628637" lon="-115.4908005"><time>2026-01-01T00:10:15Z</time></wpt>
  <wpt lat="32.6628598" lon="-115.4908146"><time>2026-01-01T00:10:16Z</time></wpt>
  <wpt lat="32.6628558" lon="-115.4908287"><time>2026-01-01T00:10:17Z</time></wpt>
  <wpt lat="32.6628519" lon="-115.4908427"><time>2026-01-01T00:10:18Z</time></wpt>
  <wpt lat="32.6628479" lon="-115.4908568"><time>2026-01-01T00:10:19Z</time></wpt>
  <wpt lat="32.6628440" lon="-115.4908709"><time>2026-01-01T00:10:20Z</time></wpt>
  <wpt lat="32.6628400" lon="-115.4908850"><time>2026-01-01T00:10:21Z</time></wpt>
  <wpt lat="32.6628361" lon="-115.4908990"><time>2026-01-01T00:10:22Z</time></wpt>
  <wpt lat="32.6628321" lon="-115.4909131"><time>2026-01-01T00:10:23Z</time></wpt>
  <wpt lat="32.6628282" lon="-115.4909272"><time>2026-01-01T00:10:24Z</time></wpt>
  <wpt lat="32.6628242" lon="-115.4909412"><time>2026-01-01T00:10:25Z</time></wpt>
  <wpt lat="32.6628203" lon="-115.4909553"><time>2026-01-01T00:10:26Z</time></wpt>
  <wpt lat="32.6628163" lon="-115.4909694"><time>2026-01-01T00:10:27Z</time></wpt>
  <wpt lat="32.6628124" lon="-115.4909835"><time>2026-01-01T00:10:28Z</time></wpt>
  <wpt lat="32.6628084" lon="-115.4909975"><time>2026-01-01T00:10:29Z</time></wpt>
  <wpt lat="32.6628045" lon="-115.4910116"><time>2026-01-01T00:10:30Z</time></wpt>
  <wpt lat="32.6628005" lon="-115.4910257"><time>2026-01-01T00:10:31Z</time></wpt>
  <wpt lat="32.6627966" lon="-115.4910397"><time>2026-01-01T00:10:32Z</time></wpt>
  <wpt lat="32.6627926" lon="-115.4910538"><time>2026-01-01T00:10:33Z</time></wpt>
  <wpt lat="32.6627887" lon="-115.4910679"><time>2026-01-01T00:10:34Z</time></wpt>
  <wpt lat="32.6627847" lon="-115.4910820"><time>2026-01-01T00:10:35Z</time></wpt>
  <wpt lat="32.6627808" lon="-115.4910960"><time>2026-01-01T00:10:36Z</time></wpt>
  <wpt lat="32.6627768" lon="-115.4911101"><time>2026-01-01T00:10:37Z</time></wpt>
  <wpt lat="32.6627768" lon="-115.4911101"><time>2026-01-01T00:10:38Z</time></wpt>
  <wpt lat="32.6627768" lon="-115.4911101"><time>2026-01-01T00:10:39Z</time></wpt>
  <wpt lat="32.6627768" lon="-115.4911101"><time>2026-01-01T00:10:40Z</time></wpt>
  <wpt lat="32.6627768" lon="-115.4911101"><time>2026-01-01T00:10:41Z</time></wpt>
  <wpt lat="32.6627768" lon="-115.4911101"><time>2026-01-01T00:10:42Z</time></wpt>
  <wpt lat="32.6627768" lon="-115.4911101"><time>2026-01-01T00:10:43Z</time></wpt>
  <wpt lat="32.6627768" lon="-115.4911101"><time>2026-01-01T00:10:44Z</time></wpt>
  <wpt lat="32.6627768" lon="-115.4911101"><time>2026-01-01T00:10:45Z</time></wpt>
  <wpt lat="32.6627768" lon="-115.4911101"><time>2026-01-01T00:10:46Z</time></wpt>
  <wpt lat="32.6627768" lon="-115.4911101"><time>2026-01-01T00:10:47Z</time></wpt>
  <wpt lat="32.6627768" lon="-115.4911101"><time>2026-01-01T00:10:48Z</time></wpt>
  <wpt lat="32.6627768" lon="-115.4911101"><time>2026-01-01T00:10:49Z</time></wpt>
  <wpt lat="32.6627667" lon="-115.4911190"><time>2026-01-01T00:10:50Z</time></wpt>
  <wpt lat="32.6627567" lon="-115.4911279"><time>2026-01-01T00:10:51Z</time></wpt>
  <wpt lat="32.6627466" lon="-115.4911368"><time>2026-01-01T00:10:52Z</time></wpt>
  <wpt lat="32.6627365" lon="-115.4911457"><time>2026-01-01T00:10:53Z</time></wpt>
  <wpt lat="32.6627265" lon="-115.4911546"><time>2026-01-01T00:10:54Z</time></wpt>
  <wpt lat="32.6627164" lon="-115.4911635"><time>2026-01-01T00:10:55Z</time></wpt>
  <wpt lat="32.6627063" lon="-115.4911724"><time>2026-01-01T00:10:56Z</time></wpt>
  <wpt lat="32.6626963" lon="-115.4911813"><time>2026-01-01T00:10:57Z</time></wpt>
  <wpt lat="32.6626862" lon="-115.4911901"><time>2026-01-01T00:10:58Z</time></wpt>
  <wpt lat="32.6626761" lon="-115.4911990"><time>2026-01-01T00:10:59Z</time></wpt>
  <wpt lat="32.6626661" lon="-115.4912079"><time>2026-01-01T00:11:00Z</time></wpt>
  <wpt lat="32.6626560" lon="-115.4912168"><time>2026-01-01T00:11:01Z</time></wpt>
  <wpt lat="32.6626459" lon="-115.4912257"><time>2026-01-01T00:11:02Z</time></wpt>
  <wpt lat="32.6626359" lon="-115.4912346"><time>2026-01-01T00:11:03Z</time></wpt>
  <wpt lat="32.6626258" lon="-115.4912435"><time>2026-01-01T00:11:04Z</time></wpt>
  <wpt lat="32.6626157" lon="-115.4912524"><time>2026-01-01T00:11:05Z</time></wpt>
  <wpt lat="32.6626057" lon="-115.4912613"><time>2026-01-01T00:11:06Z</time></wpt>
  <wpt lat="32.6625956" lon="-115.4912702"><time>2026-01-01T00:11:07Z</time></wpt>
  <wpt lat="32.6625855" lon="-115.4912791"><time>2026-01-01T00:11:08Z</time></wpt>
  <wpt lat="32.6625755" lon="-115.4912880"><time>2026-01-01T00:11:09Z</time></wpt>
  <wpt lat="32.6625654" lon="-115.4912969"><time>2026-01-01T00:11:10Z</time></wpt>
  <wpt lat="32.6625553" lon="-115.4913058"><time>2026-01-01T00:11:11Z</time></wpt>
  <wpt lat="32.6625453" lon="-115.4913147"><time>2026-01-01T00:11:12Z</time></wpt>
  <wpt lat="32.6625352" lon="-115.4913236"><time>2026-01-01T00:11:13Z</time></wpt>
  <wpt lat="32.6625251" lon="-115.4913325"><time>2026-01-01T00:11:14Z</time></wpt>
  <wpt lat="32.6625151" lon="-115.4913414"><time>2026-01-01T00:11:15Z</time></wpt>
  <wpt lat="32.6625050" lon="-115.4913502"><time>2026-01-01T00:11:16Z</time></wpt>
  <wpt lat="32.6624949" lon="-115.4913591"><time>2026-01-01T00:11:17Z</time></wpt>
  <wpt lat="32.6624849" lon="-115.4913680"><time>2026-01-01T00:11:18Z</time></wpt>
  <wpt lat="32.6624748" lon="-115.4913769"><time>2026-01-01T00:11:19Z</time></wpt>
  <wpt lat="32.6624647" lon="-115.4913858"><time>2026-01-01T00:11:20Z</time></wpt>
  <wpt lat="32.6624547" lon="-115.4913947"><time>2026-01-01T00:11:21Z</time></wpt>
  <wpt lat="32.6624446" lon="-115.4914036"><time>2026-01-01T00:11:22Z</time></wpt>
  <wpt lat="32.6624345" lon="-115.4914125"><time>2026-01-01T00:11:23Z</time></wpt>
  <wpt lat="32.6624245" lon="-115.4914214"><time>2026-01-01T00:11:24Z</time></wpt>
  <wpt lat="32.6624144" lon="-115.4914303"><time>2026-01-01T00:11:25Z</time></wpt>
  <wpt lat="32.6624043" lon="-115.4914392"><time>2026-01-01T00:11:26Z</time></wpt>
  <wpt lat="32.6623943" lon="-115.4914481"><time>2026-01-01T00:11:27Z</time></wpt>
  <wpt lat="32.6623842" lon="-115.4914570"><time>2026-01-01T00:11:28Z</time></wpt>
  <wpt lat="32.6623741" lon="-115.4914659"><time>2026-01-01T00:11:29Z</time></wpt>
  <wpt lat="32.6623641" lon="-115.4914748"><time>2026-01-01T00:11:30Z</time></wpt>
  <wpt lat="32.6623540" lon="-115.4914837"><time>2026-01-01T00:11:31Z</time></wpt>
  <wpt lat="32.6623439" lon="-115.4914926"><time>2026-01-01T00:11:32Z</time></wpt>
  <wpt lat="32.6623339" lon="-115.4915015"><time>2026-01-01T00:11:33Z</time></wpt>
  <wpt lat="32.6623238" lon="-115.4915103"><time>2026-01-01T00:11:34Z</time></wpt>
  <wpt lat="32.6623137" lon="-115.4915192"><time>2026-01-01T00:11:35Z</time></wpt>
  <wpt lat="32.6623037" lon="-115.4915281"><time>2026-01-01T00:11:36Z</time></wpt>
  <wpt lat="32.6622936" lon="-115.4915370"><time>2026-01-01T00:11:37Z</time></wpt>
  <wpt lat="32.6622835" lon="-115.4915459"><time>2026-01-01T00:11:38Z</time></wpt>
  <wpt lat="32.6622735" lon="-115.4915548"><time>2026-01-01T00:11:39Z</time></wpt>
  <wpt lat="32.6622634" lon="-115.4915637"><time>2026-01-01T00:11:40Z</time></wpt>
  <wpt lat="32.6622533" lon="-115.4915726"><time>2026-01-01T00:11:41Z</time></wpt>
  <wpt lat="32.6622433" lon="-115.4915815"><time>2026-01-01T00:11:42Z</time></wpt>
  <wpt lat="32.6622332" lon="-115.4915904"><time>2026-01-01T00:11:43Z</time></wpt>
  <wpt lat="32.6622231" lon="-115.4915993"><time>2026-01-01T00:11:44Z</time></wpt>
  <wpt lat="32.6622131" lon="-115.4916082"><time>2026-01-01T00:11:45Z</time></wpt>
  <wpt lat="32.6622030" lon="-115.4916171"><time>2026-01-01T00:11:46Z</time></wpt>
  <wpt lat="32.6621929" lon="-115.4916260"><time>2026-01-01T00:11:47Z</time></wpt>
  <wpt lat="32.6621829" lon="-115.4916349"><time>2026-01-01T00:11:48Z</time></wpt>
  <wpt lat="32.6621728" lon="-115.4916438"><time>2026-01-01T00:11:49Z</time></wpt>
  <wpt lat="32.6621627" lon="-115.4916527"><time>2026-01-01T00:11:50Z</time></wpt>
  <wpt lat="32.6621527" lon="-115.4916616"><time>2026-01-01T00:11:51Z</time></wpt>
  <wpt lat="32.6621426" lon="-115.4916705"><time>2026-01-01T00:11:52Z</time></wpt>
  <wpt lat="32.6621325" lon="-115.4916793"><time>2026-01-01T00:11:53Z</time></wpt>
  <wpt lat="32.6621225" lon="-115.4916882"><time>2026-01-01T00:11:54Z</time></wpt>
  <wpt lat="32.6621124" lon="-115.4916971"><time>2026-01-01T00:11:55Z</time></wpt>
  <wpt lat="32.6621023" lon="-115.4917060"><time>2026-01-01T00:11:56Z</time></wpt>
  <wpt lat="32.6620923" lon="-115.4917149"><time>2026-01-01T00:11:57Z</time></wpt>
  <wpt lat="32.6620822" lon="-115.4917238"><time>2026-01-01T00:11:58Z</time></wpt>
  <wpt lat="32.6620721" lon="-115.4917327"><time>2026-01-01T00:11:59Z</time></wpt>
  <wpt lat="32.6620621" lon="-115.4917416"><time>2026-01-01T00:12:00Z</time></wpt>
  <wpt lat="32.6620520" lon="-115.4917505"><time>2026-01-01T00:12:01Z</time></wpt>
  <wpt lat="32.6620419" lon="-115.4917594"><time>2026-01-01T00:12:02Z</time></wpt>
  <wpt lat="32.6620319" lon="-115.4917683"><time>2026-01-01T00:12:03Z</time></wpt>
  <wpt lat="32.6620218" lon="-115.4917772"><time>2026-01-01T00:12:04Z</time></wpt>
  <wpt lat="32.6620117" lon="-115.4917861"><time>2026-01-01T00:12:05Z</time></wpt>
  <wpt lat="32.6620017" lon="-115.4917950"><time>2026-01-01T00:12:06Z</time></wpt>
  <wpt lat="32.6619916" lon="-115.4918039"><time>2026-01-01T00:12:07Z</time></wpt>
  <wpt lat="32.6619815" lon="-115.4918128"><time>2026-01-01T00:12:08Z</time></wpt>
  <wpt lat="32.6619715" lon="-115.4918217"><time>2026-01-01T00:12:09Z</time></wpt>
  <wpt lat="32.6619614" lon="-115.4918306"><time>2026-01-01T00:12:10Z</time></wpt>
  <wpt lat="32.6619513" lon="-115.4918394"><time>2026-01-01T00:12:11Z</time></wpt>
  <wpt lat="32.6619413" lon="-115.4918483"><time>2026-01-01T00:12:12Z</time></wpt>
  <wpt lat="32.6619312" lon="-115.4918572"><time>2026-01-01T00:12:13Z</time></wpt>
  <wpt lat="32.6619211" lon="-115.4918661"><time>2026-01-01T00:12:14Z</time></wpt>
  <wpt lat="32.6619111" lon="-115.4918750"><time>2026-01-01T00:12:15Z</time></wpt>
  <wpt lat="32.6619010" lon="-115.4918839"><time>2026-01-01T00:12:16Z</time></wpt>
  <wpt lat="32.6618909" lon="-115.4918928"><time>2026-01-01T00:12:17Z</time></wpt>
  <wpt lat="32.6618809" lon="-115.4919017"><time>2026-01-01T00:12:18Z</time></wpt>
  <wpt lat="32.6618708" lon="-115.4919106"><time>2026-01-01T00:12:19Z</time></wpt>
  <wpt lat="32.6618708" lon="-115.4919106"><time>2026-01-01T00:12:20Z</time></wpt>
  <wpt lat="32.6618708" lon="-115.4919106"><time>2026-01-01T00:12:21Z</time></wpt>
  <wpt lat="32.6618708" lon="-115.4919106"><time>2026-01-01T00:12:22Z</time></wpt>
  <wpt lat="32.6618708" lon="-115.4919106"><time>2026-01-01T00:12:23Z</time></wpt>
  <wpt lat="32.6618708" lon="-115.4919106"><time>2026-01-01T00:12:24Z</time></wpt>
  <wpt lat="32.6618708" lon="-115.4919106"><time>2026-01-01T00:12:25Z</time></wpt>
  <wpt lat="32.6618708" lon="-115.4919106"><time>2026-01-01T00:12:26Z</time></wpt>
  <wpt lat="32.6618708" lon="-115.4919106"><time>2026-01-01T00:12:27Z</time></wpt>
  <wpt lat="32.6618708" lon="-115.4919106"><time>2026-01-01T00:12:28Z</time></wpt>
  <wpt lat="32.6618708" lon="-115.4919106"><time>2026-01-01T00:12:29Z</time></wpt>
  <wpt lat="32.6618708" lon="-115.4919106"><time>2026-01-01T00:12:30Z</time></wpt>
  <wpt lat="32.6618708" lon="-115.4919106"><time>2026-01-01T00:12:31Z</time></wpt>
  <wpt lat="32.6618708" lon="-115.4919106"><time>2026-01-01T00:12:32Z</time></wpt>
  <wpt lat="32.6618708" lon="-115.4919106"><time>2026-01-01T00:12:33Z</time></wpt>
  <wpt lat="32.6618708" lon="-115.4919106"><time>2026-01-01T00:12:34Z</time></wpt>
  <wpt lat="32.6618708" lon="-115.4919106"><time>2026-01-01T00:12:35Z</time></wpt>
  <wpt lat="32.6618708" lon="-115.4919106"><time>2026-01-01T00:12:36Z</time></wpt>
  <wpt lat="32.6618690" lon="-115.4919253"><time>2026-01-01T00:12:37Z</time></wpt>
  <wpt lat="32.6618673" lon="-115.4919401"><time>2026-01-01T00:12:38Z</time></wpt>
  <wpt lat="32.6618655" lon="-115.4919548"><time>2026-01-01T00:12:39Z</time></wpt>
  <wpt lat="32.6618637" lon="-115.4919695"><time>2026-01-01T00:12:40Z</time></wpt>
  <wpt lat="32.6618620" lon="-115.4919842"><time>2026-01-01T00:12:41Z</time></wpt>
  <wpt lat="32.6618602" lon="-115.4919990"><time>2026-01-01T00:12:42Z</time></wpt>
  <wpt lat="32.6618584" lon="-115.4920137"><time>2026-01-01T00:12:43Z</time></wpt>
  <wpt lat="32.6618567" lon="-115.4920284"><time>2026-01-01T00:12:44Z</time></wpt>
  <wpt lat="32.6618549" lon="-115.4920432"><time>2026-01-01T00:12:45Z</time></wpt>
  <wpt lat="32.6618531" lon="-115.4920579"><time>2026-01-01T00:12:46Z</time></wpt>
  <wpt lat="32.6618514" lon="-115.4920726"><time>2026-01-01T00:12:47Z</time></wpt>
  <wpt lat="32.6618496" lon="-115.4920873"><time>2026-01-01T00:12:48Z</time></wpt>
  <wpt lat="32.6618478" lon="-115.4921021"><time>2026-01-01T00:12:49Z</time></wpt>
  <wpt lat="32.6618461" lon="-115.4921168"><time>2026-01-01T00:12:50Z</time></wpt>
  <wpt lat="32.6618443" lon="-115.4921315"><time>2026-01-01T00:12:51Z</time></wpt>
  <wpt lat="32.6618425" lon="-115.4921463"><time>2026-01-01T00:12:52Z</time></wpt>
  <wpt lat="32.6618408" lon="-115.4921610"><time>2026-01-01T00:12:53Z</time></wpt>
  <wpt lat="32.6618390" lon="-115.4921757"><time>2026-01-01T00:12:54Z</time></wpt>
  <wpt lat="32.6618372" lon="-115.4921904"><time>2026-01-01T00:12:55Z</time></wpt>
  <wpt lat="32.6618355" lon="-115.4922052"><time>2026-01-01T00:12:56Z</time></wpt>
  <wpt lat="32.6618337" lon="-115.4922199"><time>2026-01-01T00:12:57Z</time></wpt>
  <wpt lat="32.6618319" lon="-115.4922346"><time>2026-01-01T00:12:58Z</time></wpt>
  <wpt lat="32.6618302" lon="-115.4922494"><time>2026-01-01T00:12:59Z</time></wpt>
  <wpt lat="32.6618284" lon="-115.4922641"><time>2026-01-01T00:13:00Z</time></wpt>
  <wpt lat="32.6618266" lon="-115.4922788"><time>2026-01-01T00:13:01Z</time></wpt>
  <wpt lat="32.6618249" lon="-115.4922935"><time>2026-01-01T00:13:02Z</time></wpt>
  <wpt lat="32.6618231" lon="-115.4923083"><time>2026-01-01T00:13:03Z</time></wpt>
  <wpt lat="32.6618213" lon="-115.4923230"><time>2026-01-01T00:13:04Z</time></wpt>
  <wpt lat="32.6618196" lon="-115.4923377"><time>2026-01-01T00:13:05Z</time></wpt>
  <wpt lat="32.6618178" lon="-115.4923525"><time>2026-01-01T00:13:06Z</time></wpt>
  <wpt lat="32.6618160" lon="-115.4923672"><time>2026-01-01T00:13:07Z</time></wpt>
  <wpt lat="32.6618143" lon="-115.4923819"><time>2026-01-01T00:13:08Z</time></wpt>
  <wpt lat="32.6618125" lon="-115.4923966"><time>2026-01-01T00:13:09Z</time></wpt>
  <wpt lat="32.6618107" lon="-115.4924114"><time>2026-01-01T00:13:10Z</time></wpt>
  <wpt lat="32.6618090" lon="-115.4924261"><time>2026-01-01T00:13:11Z</time></wpt>
  <wpt lat="32.6618072" lon="-115.4924408"><time>2026-01-01T00:13:12Z</time></wpt>
  <wpt lat="32.6618055" lon="-115.4924556"><time>2026-01-01T00:13:13Z</time></wpt>
  <wpt lat="32.6618037" lon="-115.4924703"><time>2026-01-01T00:13:14Z</time></wpt>
  <wpt lat="32.6618019" lon="-115.4924850"><time>2026-01-01T00:13:15Z</time></wpt>
  <wpt lat="32.6618002" lon="-115.4924998"><time>2026-01-01T00:13:16Z</time></wpt>
  <wpt lat="32.6617984" lon="-115.4925145"><time>2026-01-01T00:13:17Z</time></wpt>
  <wpt lat="32.6617966" lon="-115.4925292"><time>2026-01-01T00:13:18Z</time></wpt>
  <wpt lat="32.6617949" lon="-115.4925439"><time>2026-01-01T00:13:19Z</time></wpt>
  <wpt lat="32.6617931" lon="-115.4925587"><time>2026-01-01T00:13:20Z</time></wpt>
  <wpt lat="32.6617913" lon="-115.4925734"><time>2026-01-01T00:13:21Z</time></wpt>
  <wpt lat="32.6617896" lon="-115.4925881"><time>2026-01-01T00:13:22Z</time></wpt>
  <wpt lat="32.6617878" lon="-115.4926029"><time>2026-01-01T00:13:23Z</time></wpt>
  <wpt lat="32.6617860" lon="-115.4926176"><time>2026-01-01T00:13:24Z</time></wpt>
  <wpt lat="32.6617843" lon="-115.4926323"><time>2026-01-01T00:13:25Z</time></wpt>
  <wpt lat="32.6617825" lon="-115.4926470"><time>2026-01-01T00:13:26Z</time></wpt>
  <wpt lat="32.6617807" lon="-115.4926618"><time>2026-01-01T00:13:27Z</time></wpt>
  <wpt lat="32.6617790" lon="-115.4926765"><time>2026-01-01T00:13:28Z</time></wpt>
  <wpt lat="32.6617772" lon="-115.4926912"><time>2026-01-01T00:13:29Z</time></wpt>
  <wpt lat="32.6617754" lon="-115.4927060"><time>2026-01-01T00:13:30Z</time></wpt>
  <wpt lat="32.6617737" lon="-115.4927207"><time>2026-01-01T00:13:31Z</time></wpt>
  <wpt lat="32.6617719" lon="-115.4927354"><time>2026-01-01T00:13:32Z</time></wpt>
  <wpt lat="32.6617701" lon="-115.4927501"><time>2026-01-01T00:13:33Z</time></wpt>
  <wpt lat="32.6617684" lon="-115.4927649"><time>2026-01-01T00:13:34Z</time></wpt>
  <wpt lat="32.6617666" lon="-115.4927796"><time>2026-01-01T00:13:35Z</time></wpt>
  <wpt lat="32.6617648" lon="-115.4927943"><time>2026-01-01T00:13:36Z</time></wpt>
  <wpt lat="32.6617631" lon="-115.4928091"><time>2026-01-01T00:13:37Z</time></wpt>
  <wpt lat="32.6617613" lon="-115.4928238"><time>2026-01-01T00:13:38Z</time></wpt>
  <wpt lat="32.6617595" lon="-115.4928385"><time>2026-01-01T00:13:39Z</time></wpt>
  <wpt lat="32.6617578" lon="-115.4928532"><time>2026-01-01T00:13:40Z</time></wpt>
  <wpt lat="32.6617560" lon="-115.4928680"><time>2026-01-01T00:13:41Z</time></wpt>
  <wpt lat="32.6617542" lon="-115.4928827"><time>2026-01-01T00:13:42Z</time></wpt>
  <wpt lat="32.6617525" lon="-115.4928974"><time>2026-01-01T00:13:43Z</time></wpt>
  <wpt lat="32.6617507" lon="-115.4929122"><time>2026-01-01T00:13:44Z</time></wpt>
  <wpt lat="32.6617489" lon="-115.4929269"><time>2026-01-01T00:13:45Z</time></wpt>
  <wpt lat="32.6617472" lon="-115.4929416"><time>2026-01-01T00:13:46Z</time></wpt>
  <wpt lat="32.6617454" lon="-115.4929563"><time>2026-01-01T00:13:47Z</time></wpt>
  <wpt lat="32.6617436" lon="-115.4929711"><time>2026-01-01T00:13:48Z</time></wpt>
  <wpt lat="32.6617419" lon="-115.4929858"><time>2026-01-01T00:13:49Z</time></wpt>
  <wpt lat="32.6617401" lon="-115.4930005"><time>2026-01-01T00:13:50Z</time></wpt>
  <wpt lat="32.6617383" lon="-115.4930153"><time>2026-01-01T00:13:51Z</time></wpt>
  <wpt lat="32.6617366" lon="-115.4930300"><time>2026-01-01T00:13:52Z</time></wpt>
  <wpt lat="32.6617348" lon="-115.4930447"><time>2026-01-01T00:13:53Z</time></wpt>
  <wpt lat="32.6617330" lon="-115.4930594"><time>2026-01-01T00:13:54Z</time></wpt>
  <wpt lat="32.6617313" lon="-115.4930742"><time>2026-01-01T00:13:55Z</time></wpt>
  <wpt lat="32.6617295" lon="-115.4930889"><time>2026-01-01T00:13:56Z</time></wpt>
  <wpt lat="32.6617277" lon="-115.4931036"><time>2026-01-01T00:13:57Z</time></wpt>
  <wpt lat="32.6617260" lon="-115.4931184"><time>2026-01-01T00:13:58Z</time></wpt>
  <wpt lat="32.6617242" lon="-115.4931331"><time>2026-01-01T00:13:59Z</time></wpt>
  <wpt lat="32.6617224" lon="-115.4931478"><time>2026-01-01T00:14:00Z</time></wpt>
  <wpt lat="32.6617207" lon="-115.4931625"><time>2026-01-01T00:14:01Z</time></wpt>
  <wpt lat="32.6617189" lon="-115.4931773"><time>2026-01-01T00:14:02Z</time></wpt>
  <wpt lat="32.6617171" lon="-115.4931920"><time>2026-01-01T00:14:03Z</time></wpt>
  <wpt lat="32.6617154" lon="-115.4932067"><time>2026-01-01T00:14:04Z</time></wpt>
  <wpt lat="32.6617136" lon="-115.4932215"><time>2026-01-01T00:14:05Z</time></wpt>
  <wpt lat="32.6617118" lon="-115.4932362"><time>2026-01-01T00:14:06Z</time></wpt>
  <wpt lat="32.6617101" lon="-115.4932509"><time>2026-01-01T00:14:07Z</time></wpt>
  <wpt lat="32.6617083" lon="-115.4932656"><time>2026-01-01T00:14:08Z</time></wpt>
  <wpt lat="32.6617065" lon="-115.4932804"><time>2026-01-01T00:14:09Z</time></wpt>
  <wpt lat="32.6617048" lon="-115.4932951"><time>2026-01-01T00:14:10Z</time></wpt>
  <wpt lat="32.6617030" lon="-115.4933098"><time>2026-01-01T00:14:11Z</time></wpt>
  <wpt lat="32.6617012" lon="-115.4933246"><time>2026-01-01T00:14:12Z</time></wpt>
  <wpt lat="32.6616995" lon="-115.4933393"><time>2026-01-01T00:14:13Z</time></wpt>
  <wpt lat="32.6616977" lon="-115.4933540"><time>2026-01-01T00:14:14Z</time></wpt>
  <wpt lat="32.6616959" lon="-115.4933687"><time>2026-01-01T00:14:15Z</time></wpt>
  <wpt lat="32.6616942" lon="-115.4933835"><time>2026-01-01T00:14:16Z</time></wpt>
  <wpt lat="32.6616924" lon="-115.4933982"><time>2026-01-01T00:14:17Z</time></wpt>
  <wpt lat="32.6616906" lon="-115.4934129"><time>2026-01-01T00:14:18Z</time></wpt>
  <wpt lat="32.6616889" lon="-115.4934277"><time>2026-01-01T00:14:19Z</time></wpt>
  <wpt lat="32.6616871" lon="-115.4934424"><time>2026-01-01T00:14:20Z</time></wpt>
  <wpt lat="32.6616854" lon="-115.4934571"><time>2026-01-01T00:14:21Z</time></wpt>
  <wpt lat="32.6616836" lon="-115.4934719"><time>2026-01-01T00:14:22Z</time></wpt>
  <wpt lat="32.6616818" lon="-115.4934866"><time>2026-01-01T00:14:23Z</time></wpt>
  <wpt lat="32.6616801" lon="-115.4935013"><time>2026-01-01T00:14:24Z</time></wpt>
  <wpt lat="32.6616783" lon="-115.4935160"><time>2026-01-01T00:14:25Z</time></wpt>
  <wpt lat="32.6616765" lon="-115.4935308"><time>2026-01-01T00:14:26Z</time></wpt>
  <wpt lat="32.6616748" lon="-115.4935455"><time>2026-01-01T00:14:27Z</time></wpt>
  <wpt lat="32.6616730" lon="-115.4935602"><time>2026-01-01T00:14:28Z</time></wpt>
  <wpt lat="32.6616712" lon="-115.4935750"><time>2026-01-01T00:14:29Z</time></wpt>
  <wpt lat="32.6616695" lon="-115.4935897"><time>2026-01-01T00:14:30Z</time></wpt>
  <wpt lat="32.6616677" lon="-115.4936044"><time>2026-01-01T00:14:31Z</time></wpt>
  <wpt lat="32.6616659" lon="-115.4936191"><time>2026-01-01T00:14:32Z</time></wpt>
  <wpt lat="32.6616642" lon="-115.4936339"><time>2026-01-01T00:14:33Z</time></wpt>
  <wpt lat="32.6616624" lon="-115.4936486"><time>2026-01-01T00:14:34Z</time></wpt>
  <wpt lat="32.6616606" lon="-115.4936633"><time>2026-01-01T00:14:35Z</time></wpt>
  <wpt lat="32.6616589" lon="-115.4936781"><time>2026-01-01T00:14:36Z</time></wpt>
  <wpt lat="32.6616571" lon="-115.4936928"><time>2026-01-01T00:14:37Z</time></wpt>
  <wpt lat="32.6616553" lon="-115.4937075"><time>2026-01-01T00:14:38Z</time></wpt>
  <wpt lat="32.6616536" lon="-115.4937222"><time>2026-01-01T00:14:39Z</time></wpt>
  <wpt lat="32.6616518" lon="-115.4937370"><time>2026-01-01T00:14:40Z</time></wpt>
  <wpt lat="32.6616500" lon="-115.4937517"><time>2026-01-01T00:14:41Z</time></wpt>
  <wpt lat="32.6616483" lon="-115.4937664"><time>2026-01-01T00:14:42Z</time></wpt>
  <wpt lat="32.6616465" lon="-115.4937812"><time>2026-01-01T00:14:43Z</time></wpt>
  <wpt lat="32.6616447" lon="-115.4937959"><time>2026-01-01T00:14:44Z</time></wpt>
  <wpt lat="32.6616430" lon="-115.4938106"><time>2026-01-01T00:14:45Z</time></wpt>
  <wpt lat="32.6616412" lon="-115.4938253"><time>2026-01-01T00:14:46Z</time></wpt>
  <wpt lat="32.6616394" lon="-115.4938401"><time>2026-01-01T00:14:47Z</time></wpt>
  <wpt lat="32.6616377" lon="-115.4938548"><time>2026-01-01T00:14:48Z</time></wpt>
  <wpt lat="32.6616359" lon="-115.4938695"><time>2026-01-01T00:14:49Z</time></wpt>
  <wpt lat="32.6616341" lon="-115.4938843"><time>2026-01-01T00:14:50Z</time></wpt>
  <wpt lat="32.6616324" lon="-115.4938990"><time>2026-01-01T00:14:51Z</time></wpt>
  <wpt lat="32.6616306" lon="-115.4939137"><time>2026-01-01T00:14:52Z</time></wpt>
  <wpt lat="32.6616288" lon="-115.4939284"><time>2026-01-01T00:14:53Z</time></wpt>
  <wpt lat="32.6616271" lon="-115.4939432"><time>2026-01-01T00:14:54Z</time></wpt>
  <wpt lat="32.6616253" lon="-115.4939579"><time>2026-01-01T00:14:55Z</time></wpt>
  <wpt lat="32.6616253" lon="-115.4939579"><time>2026-01-01T00:14:56Z</time></wpt>
  <wpt lat="32.6616253" lon="-115.4939579"><time>2026-01-01T00:14:57Z</time></wpt>
  <wpt lat="32.6616253" lon="-115.4939579"><time>2026-01-01T00:14:58Z</time></wpt>
  <wpt lat="32.6616253" lon="-115.4939579"><time>2026-01-01T00:14:59Z</time></wpt>
  <wpt lat="32.6616253" lon="-115.4939579"><time>2026-01-01T00:15:00Z</time></wpt>
  <wpt lat="32.6616253" lon="-115.4939579"><time>2026-01-01T00:15:01Z</time></wpt>
  <wpt lat="32.6616253" lon="-115.4939579"><time>2026-01-01T00:15:02Z</time></wpt>
  <wpt lat="32.6616253" lon="-115.4939579"><time>2026-01-01T00:15:03Z</time></wpt>
  <wpt lat="32.6616253" lon="-115.4939579"><time>2026-01-01T00:15:04Z</time></wpt>
  <wpt lat="32.6616253" lon="-115.4939579"><time>2026-01-01T00:15:05Z</time></wpt>
  <wpt lat="32.6616253" lon="-115.4939579"><time>2026-01-01T00:15:06Z</time></wpt>
  <wpt lat="32.6616253" lon="-115.4939579"><time>2026-01-01T00:15:07Z</time></wpt>
  <wpt lat="32.6616253" lon="-115.4939579"><time>2026-01-01T00:15:08Z</time></wpt>
  <wpt lat="32.6616253" lon="-115.4939579"><time>2026-01-01T00:15:09Z</time></wpt>
  <wpt lat="32.6616253" lon="-115.4939579"><time>2026-01-01T00:15:10Z</time></wpt>
  <wpt lat="32.6616253" lon="-115.4939579"><time>2026-01-01T00:15:11Z</time></wpt>
  <wpt lat="32.6616377" lon="-115.4939557"><time>2026-01-01T00:15:12Z</time></wpt>
  <wpt lat="32.6616500" lon="-115.4939535"><time>2026-01-01T00:15:13Z</time></wpt>
  <wpt lat="32.6616624" lon="-115.4939513"><time>2026-01-01T00:15:14Z</time></wpt>
  <wpt lat="32.6616748" lon="-115.4939491"><time>2026-01-01T00:15:15Z</time></wpt>
  <wpt lat="32.6616872" lon="-115.4939470"><time>2026-01-01T00:15:16Z</time></wpt>
  <wpt lat="32.6616995" lon="-115.4939448"><time>2026-01-01T00:15:17Z</time></wpt>
  <wpt lat="32.6617119" lon="-115.4939426"><time>2026-01-01T00:15:18Z</time></wpt>
  <wpt lat="32.6617243" lon="-115.4939404"><time>2026-01-01T00:15:19Z</time></wpt>
  <wpt lat="32.6617366" lon="-115.4939382"><time>2026-01-01T00:15:20Z</time></wpt>
  <wpt lat="32.6617490" lon="-115.4939360"><time>2026-01-01T00:15:21Z</time></wpt>
  <wpt lat="32.6617614" lon="-115.4939338"><time>2026-01-01T00:15:22Z</time></wpt>
  <wpt lat="32.6617737" lon="-115.4939316"><time>2026-01-01T00:15:23Z</time></wpt>
  <wpt lat="32.6617861" lon="-115.4939294"><time>2026-01-01T00:15:24Z</time></wpt>
  <wpt lat="32.6617985" lon="-115.4939273"><time>2026-01-01T00:15:25Z</time></wpt>
  <wpt lat="32.6618109" lon="-115.4939251"><time>2026-01-01T00:15:26Z</time></wpt>
  <wpt lat="32.6618232" lon="-115.4939229"><time>2026-01-01T00:15:27Z</time></wpt>
  <wpt lat="32.6618356" lon="-115.4939207"><time>2026-01-01T00:15:28Z</time></wpt>
  <wpt lat="32.6618480" lon="-115.4939185"><time>2026-01-01T00:15:29Z</time></wpt>
  <wpt lat="32.6618603" lon="-115.4939163"><time>2026-01-01T00:15:30Z</time></wpt>
  <wpt lat="32.6618727" lon="-115.4939141"><time>2026-01-01T00:15:31Z</time></wpt>
  <wpt lat="32.6618851" lon="-115.4939119"><time>2026-01-01T00:15:32Z</time></wpt>
  <wpt lat="32.6618975" lon="-115.4939097"><time>2026-01-01T00:15:33Z</time></wpt>
  <wpt lat="32.6619098" lon="-115.4939075"><time>2026-01-01T00:15:34Z</time></wpt>
  <wpt lat="32.6619222" lon="-115.4939054"><time>2026-01-01T00:15:35Z</time></wpt>
  <wpt lat="32.6619346" lon="-115.4939032"><time>2026-01-01T00:15:36Z</time></wpt>
  <wpt lat="32.6619469" lon="-115.4939010"><time>2026-01-01T00:15:37Z</time></wpt>
  <wpt lat="32.6619593" lon="-115.4938988"><time>2026-01-01T00:15:38Z</time></wpt>
  <wpt lat="32.6619717" lon="-115.4938966"><time>2026-01-01T00:15:39Z</time></wpt>
  <wpt lat="32.6619841" lon="-115.4938944"><time>2026-01-01T00:15:40Z</time></wpt>
  <wpt lat="32.6619964" lon="-115.4938922"><time>2026-01-01T00:15:41Z</time></wpt>
  <wpt lat="32.6620088" lon="-115.4938900"><time>2026-01-01T00:15:42Z</time></wpt>
  <wpt lat="32.6620212" lon="-115.4938878"><time>2026-01-01T00:15:43Z</time></wpt>
  <wpt lat="32.6620335" lon="-115.4938857"><time>2026-01-01T00:15:44Z</time></wpt>
  <wpt lat="32.6620459" lon="-115.4938835"><time>2026-01-01T00:15:45Z</time></wpt>
  <wpt lat="32.6620583" lon="-115.4938813"><time>2026-01-01T00:15:46Z</time></wpt>
  <wpt lat="32.6620706" lon="-115.4938791"><time>2026-01-01T00:15:47Z</time></wpt>
  <wpt lat="32.6620830" lon="-115.4938769"><time>2026-01-01T00:15:48Z</time></wpt>
  <wpt lat="32.6620954" lon="-115.4938747"><time>2026-01-01T00:15:49Z</time></wpt>
  <wpt lat="32.6621078" lon="-115.4938725"><time>2026-01-01T00:15:50Z</time></wpt>
  <wpt lat="32.6621201" lon="-115.4938703"><time>2026-01-01T00:15:51Z</time></wpt>
  <wpt lat="32.6621325" lon="-115.4938681"><time>2026-01-01T00:15:52Z</time></wpt>
  <wpt lat="32.6621449" lon="-115.4938660"><time>2026-01-01T00:15:53Z</time></wpt>
  <wpt lat="32.6621572" lon="-115.4938638"><time>2026-01-01T00:15:54Z</time></wpt>
  <wpt lat="32.6621696" lon="-115.4938616"><time>2026-01-01T00:15:55Z</time></wpt>
  <wpt lat="32.6621820" lon="-115.4938594"><time>2026-01-01T00:15:56Z</time></wpt>
  <wpt lat="32.6621944" lon="-115.4938572"><time>2026-01-01T00:15:57Z</time></wpt>
  <wpt lat="32.6622067" lon="-115.4938550"><time>2026-01-01T00:15:58Z</time></wpt>
  <wpt lat="32.6622191" lon="-115.4938528"><time>2026-01-01T00:15:59Z</time></wpt>
  <wpt lat="32.6622315" lon="-115.4938506"><time>2026-01-01T00:16:00Z</time></wpt>
  <wpt lat="32.6622438" lon="-115.4938484"><time>2026-01-01T00:16:01Z</time></wpt>
  <wpt lat="32.6622562" lon="-115.4938463"><time>2026-01-01T00:16:02Z</time></wpt>
  <wpt lat="32.6622686" lon="-115.4938441"><time>2026-01-01T00:16:03Z</time></wpt>
  <wpt lat="32.6622810" lon="-115.4938419"><time>2026-01-01T00:16:04Z</time></wpt>
  <wpt lat="32.6622933" lon="-115.4938397"><time>2026-01-01T00:16:05Z</time></wpt>
  <wpt lat="32.6623057" lon="-115.4938375"><time>2026-01-01T00:16:06Z</time></wpt>
  <wpt lat="32.6623181" lon="-115.4938353"><time>2026-01-01T00:16:07Z</time></wpt>
  <wpt lat="32.6623304" lon="-115.4938331"><time>2026-01-01T00:16:08Z</time></wpt>
  <wpt lat="32.6623428" lon="-115.4938309"><time>2026-01-01T00:16:09Z</time></wpt>
  <wpt lat="32.6623552" lon="-115.4938287"><time>2026-01-01T00:16:10Z</time></wpt>
  <wpt lat="32.6623675" lon="-115.4938265"><time>2026-01-01T00:16:11Z</time></wpt>
  <wpt lat="32.6623799" lon="-115.4938244"><time>2026-01-01T00:16:12Z</time></wpt>
  <wpt lat="32.6623923" lon="-115.4938222"><time>2026-01-01T00:16:13Z</time></wpt>
  <wpt lat="32.6624047" lon="-115.4938200"><time>2026-01-01T00:16:14Z</time></wpt>
  <wpt lat="32.6624170" lon="-115.4938178"><time>2026-01-01T00:16:15Z</time></wpt>
  <wpt lat="32.6624294" lon="-115.4938156"><time>2026-01-01T00:16:16Z</time></wpt>
  <wpt lat="32.6624418" lon="-115.4938134"><time>2026-01-01T00:16:17Z</time></wpt>
  <wpt lat="32.6624541" lon="-115.4938112"><time>2026-01-01T00:16:18Z</time></wpt>
  <wpt lat="32.6624665" lon="-115.4938090"><time>2026-01-01T00:16:19Z</time></wpt>
  <wpt lat="32.6624789" lon="-115.4938068"><time>2026-01-01T00:16:20Z</time></wpt>
  <wpt lat="32.6624913" lon="-115.4938047"><time>2026-01-01T00:16:21Z</time></wpt>
  <wpt lat="32.6625036" lon="-115.4938025"><time>2026-01-01T00:16:22Z</time></wpt>
  <wpt lat="32.6625160" lon="-115.4938003"><time>2026-01-01T00:16:23Z</time></wpt>
  <wpt lat="32.6625284" lon="-115.4937981"><time>2026-01-01T00:16:24Z</time></wpt>
  <wpt lat="32.6625407" lon="-115.4937959"><time>2026-01-01T00:16:25Z</time></wpt>
  <wpt lat="32.6625531" lon="-115.4937937"><time>2026-01-01T00:16:26Z</time></wpt>
  <wpt lat="32.6625655" lon="-115.4937915"><time>2026-01-01T00:16:27Z</time></wpt>
  <wpt lat="32.6625779" lon="-115.4937893"><time>2026-01-01T00:16:28Z</time></wpt>
  <wpt lat="32.6625902" lon="-115.4937871"><time>2026-01-01T00:16:29Z</time></wpt>
  <wpt lat="32.6626026" lon="-115.4937850"><time>2026-01-01T00:16:30Z</time></wpt>
  <wpt lat="32.6626150" lon="-115.4937828"><time>2026-01-01T00:16:31Z</time></wpt>
  <wpt lat="32.6626273" lon="-115.4937806"><time>2026-01-01T00:16:32Z</time></wpt>
  <wpt lat="32.6626397" lon="-115.4937784"><time>2026-01-01T00:16:33Z</time></wpt>
  <wpt lat="32.6626521" lon="-115.4937762"><time>2026-01-01T00:16:34Z</time></wpt>
  <wpt lat="32.6626645" lon="-115.4937740"><time>2026-01-01T00:16:35Z</time></wpt>
  <wpt lat="32.6626768" lon="-115.4937718"><time>2026-01-01T00:16:36Z</time></wpt>
  <wpt lat="32.6626892" lon="-115.4937696"><time>2026-01-01T00:16:37Z</time></wpt>
  <wpt lat="32.6627016" lon="-115.4937674"><time>2026-01-01T00:16:38Z</time></wpt>
  <wpt lat="32.6627139" lon="-115.4937653"><time>2026-01-01T00:16:39Z</time></wpt>
  <wpt lat="32.6627263" lon="-115.4937631"><time>2026-01-01T00:16:40Z</time></wpt>
  <wpt lat="32.6627387" lon="-115.4937609"><time>2026-01-01T00:16:41Z</time></wpt>
  <wpt lat="32.6627510" lon="-115.4937587"><time>2026-01-01T00:16:42Z</time></wpt>
  <wpt lat="32.6627634" lon="-115.4937565"><time>2026-01-01T00:16:43Z</time></wpt>
  <wpt lat="32.6627758" lon="-115.4937543"><time>2026-01-01T00:16:44Z</time></wpt>
  <wpt lat="32.6627882" lon="-115.4937521"><time>2026-01-01T00:16:45Z</time></wpt>
  <wpt lat="32.6628005" lon="-115.4937499"><time>2026-01-01T00:16:46Z</time></wpt>
  <wpt lat="32.6628129" lon="-115.4937477"><time>2026-01-01T00:16:47Z</time></wpt>
  <wpt lat="32.6628253" lon="-115.4937456"><time>2026-01-01T00:16:48Z</time></wpt>
  <wpt lat="32.6628376" lon="-115.4937434"><time>2026-01-01T00:16:49Z</time></wpt>
  <wpt lat="32.6628500" lon="-115.4937412"><time>2026-01-01T00:16:50Z</time></wpt>
  <wpt lat="32.6628624" lon="-115.4937390"><time>2026-01-01T00:16:51Z</time></wpt>
  <wpt lat="32.6628748" lon="-115.4937368"><time>2026-01-01T00:16:52Z</time></wpt>
  <wpt lat="32.6628871" lon="-115.4937346"><time>2026-01-01T00:16:53Z</time></wpt>
  <wpt lat="32.6628995" lon="-115.4937324"><time>2026-01-01T00:16:54Z</time></wpt>
  <wpt lat="32.6629119" lon="-115.4937302"><time>2026-01-01T00:16:55Z</time></wpt>
  <wpt lat="32.6629242" lon="-115.4937280"><time>2026-01-01T00:16:56Z</time></wpt>
  <wpt lat="32.6629366" lon="-115.4937258"><time>2026-01-01T00:16:57Z</time></wpt>
  <wpt lat="32.6629490" lon="-115.4937237"><time>2026-01-01T00:16:58Z</time></wpt>
  <wpt lat="32.6629614" lon="-115.4937215"><time>2026-01-01T00:16:59Z</time></wpt>
  <wpt lat="32.6629737" lon="-115.4937193"><time>2026-01-01T00:17:00Z</time></wpt>
  <wpt lat="32.6629861" lon="-115.4937171"><time>2026-01-01T00:17:01Z</time></wpt>
  <wpt lat="32.6629985" lon="-115.4937149"><time>2026-01-01T00:17:02Z</time></wpt>
  <wpt lat="32.6630108" lon="-115.4937127"><time>2026-01-01T00:17:03Z</time></wpt>
  <wpt lat="32.6630232" lon="-115.4937105"><time>2026-01-01T00:17:04Z</time></wpt>
  <wpt lat="32.6630356" lon="-115.4937083"><time>2026-01-01T00:17:05Z</time></wpt>
  <wpt lat="32.6630479" lon="-115.4937061"><time>2026-01-01T00:17:06Z</time></wpt>
  <wpt lat="32.6630603" lon="-115.4937040"><time>2026-01-01T00:17:07Z</time></wpt>
  <wpt lat="32.6630727" lon="-115.4937018"><time>2026-01-01T00:17:08Z</time></wpt>
  <wpt lat="32.6630851" lon="-115.4936996"><time>2026-01-01T00:17:09Z</time></wpt>
  <wpt lat="32.6630974" lon="-115.4936974"><time>2026-01-01T00:17:10Z</time></wpt>
  <wpt lat="32.6631098" lon="-115.4936952"><time>2026-01-01T00:17:11Z</time></wpt>
  <wpt lat="32.6631098" lon="-115.4936952"><time>2026-01-01T00:17:12Z</time></wpt>
  <wpt lat="32.6631098" lon="-115.4936952"><time>2026-01-01T00:17:13Z</time></wpt>
  <wpt lat="32.6631098" lon="-115.4936952"><time>2026-01-01T00:17:14Z</time></wpt>
  <wpt lat="32.6631098" lon="-115.4936952"><time>2026-01-01T00:17:15Z</time></wpt>
  <wpt lat="32.6631098" lon="-115.4936952"><time>2026-01-01T00:17:16Z</time></wpt>
  <wpt lat="32.6631098" lon="-115.4936952"><time>2026-01-01T00:17:17Z</time></wpt>
  <wpt lat="32.6631098" lon="-115.4936952"><time>2026-01-01T00:17:18Z</time></wpt>
  <wpt lat="32.6631098" lon="-115.4936952"><time>2026-01-01T00:17:19Z</time></wpt>
  <wpt lat="32.6631098" lon="-115.4936952"><time>2026-01-01T00:17:20Z</time></wpt>
  <wpt lat="32.6631098" lon="-115.4936952"><time>2026-01-01T00:17:21Z</time></wpt>
  <wpt lat="32.6631098" lon="-115.4936952"><time>2026-01-01T00:17:22Z</time></wpt>
  <wpt lat="32.6631098" lon="-115.4936952"><time>2026-01-01T00:17:23Z</time></wpt>
  <wpt lat="32.6631098" lon="-115.4936952"><time>2026-01-01T00:17:24Z</time></wpt>
  <wpt lat="32.6631098" lon="-115.4936952"><time>2026-01-01T00:17:25Z</time></wpt>
  <wpt lat="32.6631098" lon="-115.4936952"><time>2026-01-01T00:17:26Z</time></wpt>
  <wpt lat="32.6631098" lon="-115.4936952"><time>2026-01-01T00:17:27Z</time></wpt>
  <wpt lat="32.6631098" lon="-115.4936952"><time>2026-01-01T00:17:28Z</time></wpt>
  <wpt lat="32.6631098" lon="-115.4936952"><time>2026-01-01T00:17:29Z</time></wpt>
  <wpt lat="32.6631098" lon="-115.4936952"><time>2026-01-01T00:17:30Z</time></wpt>
  <wpt lat="32.6631199" lon="-115.4936863"><time>2026-01-01T00:17:31Z</time></wpt>
  <wpt lat="32.6631299" lon="-115.4936774"><time>2026-01-01T00:17:32Z</time></wpt>
  <wpt lat="32.6631400" lon="-115.4936685"><time>2026-01-01T00:17:33Z</time></wpt>
  <wpt lat="32.6631500" lon="-115.4936596"><time>2026-01-01T00:17:34Z</time></wpt>
  <wpt lat="32.6631601" lon="-115.4936507"><time>2026-01-01T00:17:35Z</time></wpt>
  <wpt lat="32.6631701" lon="-115.4936418"><time>2026-01-01T00:17:36Z</time></wpt>
  <wpt lat="32.6631802" lon="-115.4936329"><time>2026-01-01T00:17:37Z</time></wpt>
  <wpt lat="32.6631902" lon="-115.4936240"><time>2026-01-01T00:17:38Z</time></wpt>
  <wpt lat="32.6632003" lon="-115.4936151"><time>2026-01-01T00:17:39Z</time></wpt>
  <wpt lat="32.6632103" lon="-115.4936062"><time>2026-01-01T00:17:40Z</time></wpt>
  <wpt lat="32.6632204" lon="-115.4935973"><time>2026-01-01T00:17:41Z</time></wpt>
  <wpt lat="32.6632304" lon="-115.4935884"><time>2026-01-01T00:17:42Z</time></wpt>
  <wpt lat="32.6632405" lon="-115.4935795"><time>2026-01-01T00:17:43Z</time></wpt>
  <wpt lat="32.6632505" lon="-115.4935706"><time>2026-01-01T00:17:44Z</time></wpt>
  <wpt lat="32.6632606" lon="-115.4935617"><time>2026-01-01T00:17:45Z</time></wpt>
  <wpt lat="32.6632707" lon="-115.4935528"><time>2026-01-01T00:17:46Z</time></wpt>
  <wpt lat="32.6632807" lon="-115.4935439"><time>2026-01-01T00:17:47Z</time></wpt>
  <wpt lat="32.6632908" lon="-115.4935350"><time>2026-01-01T00:17:48Z</time></wpt>
  <wpt lat="32.6633008" lon="-115.4935261"><time>2026-01-01T00:17:49Z</time></wpt>
  <wpt lat="32.6633109" lon="-115.4935172"><time>2026-01-01T00:17:50Z</time></wpt>
  <wpt lat="32.6633209" lon="-115.4935083"><time>2026-01-01T00:17:51Z</time></wpt>
  <wpt lat="32.6633310" lon="-115.4934994"><time>2026-01-01T00:17:52Z</time></wpt>
  <wpt lat="32.6633410" lon="-115.4934905"><time>2026-01-01T00:17:53Z</time></wpt>
  <wpt lat="32.6633511" lon="-115.4934816"><time>2026-01-01T00:17:54Z</time></wpt>
  <wpt lat="32.6633611" lon="-115.4934727"><time>2026-01-01T00:17:55Z</time></wpt>
  <wpt lat="32.6633712" lon="-115.4934638"><time>2026-01-01T00:17:56Z</time></wpt>
  <wpt lat="32.6633812" lon="-115.4934549"><time>2026-01-01T00:17:57Z</time></wpt>
  <wpt lat="32.6633913" lon="-115.4934460"><time>2026-01-01T00:17:58Z</time></wpt>
  <wpt lat="32.6634013" lon="-115.4934371"><time>2026-01-01T00:17:59Z</time></wpt>
  <wpt lat="32.6634114" lon="-115.4934282"><time>2026-01-01T00:18:00Z</time></wpt>
  <wpt lat="32.6634214" lon="-115.4934193"><time>2026-01-01T00:18:01Z</time></wpt>
  <wpt lat="32.6634315" lon="-115.4934104"><time>2026-01-01T00:18:02Z</time></wpt>
  <wpt lat="32.6634416" lon="-115.4934015"><time>2026-01-01T00:18:03Z</time></wpt>
  <wpt lat="32.6634516" lon="-115.4933926"><time>2026-01-01T00:18:04Z</time></wpt>
  <wpt lat="32.6634617" lon="-115.4933837"><time>2026-01-01T00:18:05Z</time></wpt>
  <wpt lat="32.6634717" lon="-115.4933748"><time>2026-01-01T00:18:06Z</time></wpt>
  <wpt lat="32.6634818" lon="-115.4933659"><time>2026-01-01T00:18:07Z</time></wpt>
  <wpt lat="32.6634918" lon="-115.4933570"><time>2026-01-01T00:18:08Z</time></wpt>
  <wpt lat="32.6635019" lon="-115.4933481"><time>2026-01-01T00:18:09Z</time></wpt>
  <wpt lat="32.6635119" lon="-115.4933392"><time>2026-01-01T00:18:10Z</time></wpt>
  <wpt lat="32.6635220" lon="-115.4933303"><time>2026-01-01T00:18:11Z</time></wpt>
  <wpt lat="32.6635320" lon="-115.4933214"><time>2026-01-01T00:18:12Z</time></wpt>
  <wpt lat="32.6635421" lon="-115.4933125"><time>2026-01-01T00:18:13Z</time></wpt>
  <wpt lat="32.6635521" lon="-115.4933036"><time>2026-01-01T00:18:14Z</time></wpt>
  <wpt lat="32.6635622" lon="-115.4932947"><time>2026-01-01T00:18:15Z</time></wpt>
  <wpt lat="32.6635722" lon="-115.4932858"><time>2026-01-01T00:18:16Z</time></wpt>
  <wpt lat="32.6635823" lon="-115.4932769"><time>2026-01-01T00:18:17Z</time></wpt>
  <wpt lat="32.6635924" lon="-115.4932680"><time>2026-01-01T00:18:18Z</time></wpt>
  <wpt lat="32.6636024" lon="-115.4932591"><time>2026-01-01T00:18:19Z</time></wpt>
  <wpt lat="32.6636125" lon="-115.4932502"><time>2026-01-01T00:18:20Z</time></wpt>
  <wpt lat="32.6636225" lon="-115.4932413"><time>2026-01-01T00:18:21Z</time></wpt>
  <wpt lat="32.6636326" lon="-115.4932324"><time>2026-01-01T00:18:22Z</time></wpt>
  <wpt lat="32.6636426" lon="-115.4932235"><time>2026-01-01T00:18:23Z</time></wpt>
  <wpt lat="32.6636527" lon="-115.4932146"><time>2026-01-01T00:18:24Z</time></wpt>
  <wpt lat="32.6636627" lon="-115.4932057"><time>2026-01-01T00:18:25Z</time></wpt>
  <wpt lat="32.6636728" lon="-115.4931968"><time>2026-01-01T00:18:26Z</time></wpt>
  <wpt lat="32.6636828" lon="-115.4931879"><time>2026-01-01T00:18:27Z</time></wpt>
  <wpt lat="32.6636929" lon="-115.4931790"><time>2026-01-01T00:18:28Z</time></wpt>
  <wpt lat="32.6637029" lon="-115.4931701"><time>2026-01-01T00:18:29Z</time></wpt>
  <wpt lat="32.6637130" lon="-115.4931612"><time>2026-01-01T00:18:30Z</time></wpt>
  <wpt lat="32.6637230" lon="-115.4931523"><time>2026-01-01T00:18:31Z</time></wpt>
  <wpt lat="32.6637331" lon="-115.4931434"><time>2026-01-01T00:18:32Z</time></wpt>
  <wpt lat="32.6637432" lon="-115.4931345"><time>2026-01-01T00:18:33Z</time></wpt>
  <wpt lat="32.6637532" lon="-115.4931256"><time>2026-01-01T00:18:34Z</time></wpt>
  <wpt lat="32.6637633" lon="-115.4931167"><time>2026-01-01T00:18:35Z</time></wpt>
  <wpt lat="32.6637733" lon="-115.4931078"><time>2026-01-01T00:18:36Z</time></wpt>
  <wpt lat="32.6637834" lon="-115.4930989"><time>2026-01-01T00:18:37Z</time></wpt>
  <wpt lat="32.6637934" lon="-115.4930900"><time>2026-01-01T00:18:38Z</time></wpt>
  <wpt lat="32.6638035" lon="-115.4930811"><time>2026-01-01T00:18:39Z</time></wpt>
  <wpt lat="32.6638135" lon="-115.4930722"><time>2026-01-01T00:18:40Z</time></wpt>
  <wpt lat="32.6638236" lon="-115.4930633"><time>2026-01-01T00:18:41Z</time></wpt>
  <wpt lat="32.6638336" lon="-115.4930544"><time>2026-01-01T00:18:42Z</time></wpt>
  <wpt lat="32.6638437" lon="-115.4930455"><time>2026-01-01T00:18:43Z</time></wpt>
  <wpt lat="32.6638537" lon="-115.4930366"><time>2026-01-01T00:18:44Z</time></wpt>
  <wpt lat="32.6638638" lon="-115.4930277"><time>2026-01-01T00:18:45Z</time></wpt>
  <wpt lat="32.6638738" lon="-115.4930188"><time>2026-01-01T00:18:46Z</time></wpt>
  <wpt lat="32.6638839" lon="-115.4930099"><time>2026-01-01T00:18:47Z</time></wpt>
  <wpt lat="32.6638940" lon="-115.4930010"><time>2026-01-01T00:18:48Z</time></wpt>
  <wpt lat="32.6639040" lon="-115.4929921"><time>2026-01-01T00:18:49Z</time></wpt>
  <wpt lat="32.6639141" lon="-115.4929832"><time>2026-01-01T00:18:50Z</time></wpt>
  <wpt lat="32.6639241" lon="-115.4929743"><time>2026-01-01T00:18:51Z</time></wpt>
  <wpt lat="32.6639342" lon="-115.4929654"><time>2026-01-01T00:18:52Z</time></wpt>
  <wpt lat="32.6639442" lon="-115.4929565"><time>2026-01-01T00:18:53Z</time></wpt>
  <wpt lat="32.6639543" lon="-115.4929476"><time>2026-01-01T00:18:54Z</time></wpt>
  <wpt lat="32.6639643" lon="-115.4929387"><time>2026-01-01T00:18:55Z</time></wpt>
  <wpt lat="32.6639744" lon="-115.4929299"><time>2026-01-01T00:18:56Z</time></wpt>
  <wpt lat="32.6639844" lon="-115.4929210"><time>2026-01-01T00:18:57Z</time></wpt>
  <wpt lat="32.6639945" lon="-115.4929121"><time>2026-01-01T00:18:58Z</time></wpt>
  <wpt lat="32.6640045" lon="-115.4929032"><time>2026-01-01T00:18:59Z</time></wpt>
  <wpt lat="32.6640146" lon="-115.4928943"><time>2026-01-01T00:19:00Z</time></wpt>
  <wpt lat="32.6640246" lon="-115.4928854"><time>2026-01-01T00:19:01Z</time></wpt>
  <wpt lat="32.6640347" lon="-115.4928765"><time>2026-01-01T00:19:02Z</time></wpt>
  <wpt lat="32.6640447" lon="-115.4928676"><time>2026-01-01T00:19:03Z</time></wpt>
  <wpt lat="32.6640548" lon="-115.4928587"><time>2026-01-01T00:19:04Z</time></wpt>
  <wpt lat="32.6640649" lon="-115.4928498"><time>2026-01-01T00:19:05Z</time></wpt>
  <wpt lat="32.6640749" lon="-115.4928409"><time>2026-01-01T00:19:06Z</time></wpt>
  <wpt lat="32.6640850" lon="-115.4928320"><time>2026-01-01T00:19:07Z</time></wpt>
  <wpt lat="32.6640950" lon="-115.4928231"><time>2026-01-01T00:19:08Z</time></wpt>
  <wpt lat="32.6641051" lon="-115.4928142"><time>2026-01-01T00:19:09Z</time></wpt>
  <wpt lat="32.6641151" lon="-115.4928053"><time>2026-01-01T00:19:10Z</time></wpt>
  <wpt lat="32.6641252" lon="-115.4927964"><time>2026-01-01T00:19:11Z</time></wpt>
  <wpt lat="32.6641352" lon="-115.4927875"><time>2026-01-01T00:19:12Z</time></wpt>
  <wpt lat="32.6641453" lon="-115.4927786"><time>2026-01-01T00:19:13Z</time></wpt>
  <wpt lat="32.6641553" lon="-115.4927697"><time>2026-01-01T00:19:14Z</time></wpt>
  <wpt lat="32.6641654" lon="-115.4927608"><time>2026-01-01T00:19:15Z</time></wpt>
  <wpt lat="32.6641754" lon="-115.4927519"><time>2026-01-01T00:19:16Z</time></wpt>
  <wpt lat="32.6641855" lon="-115.4927430"><time>2026-01-01T00:19:17Z</time></wpt>
  <wpt lat="32.6641955" lon="-115.4927341"><time>2026-01-01T00:19:18Z</time></wpt>
  <wpt lat="32.6642056" lon="-115.4927252"><time>2026-01-01T00:19:19Z</time></wpt>
  <wpt lat="32.6642157" lon="-115.4927163"><time>2026-01-01T00:19:20Z</time></wpt>
  <wpt lat="32.6642257" lon="-115.4927074"><time>2026-01-01T00:19:21Z</time></wpt>
  <wpt lat="32.6642358" lon="-115.4926985"><time>2026-01-01T00:19:22Z</time></wpt>
  <wpt lat="32.6642458" lon="-115.4926896"><time>2026-01-01T00:19:23Z</time></wpt>
  <wpt lat="32.6642559" lon="-115.4926807"><time>2026-01-01T00:19:24Z</time></wpt>
  <wpt lat="32.6642659" lon="-115.4926718"><time>2026-01-01T00:19:25Z</time></wpt>
  <wpt lat="32.6642760" lon="-115.4926629"><time>2026-01-01T00:19:26Z</time></wpt>
  <wpt lat="32.6642860" lon="-115.4926540"><time>2026-01-01T00:19:27Z</time></wpt>
  <wpt lat="32.6642961" lon="-115.4926451"><time>2026-01-01T00:19:28Z</time></wpt>
  <wpt lat="32.6643061" lon="-115.4926362"><time>2026-01-01T00:19:29Z</time></wpt>
  <wpt lat="32.6643162" lon="-115.4926273"><time>2026-01-01T00:19:30Z</time></wpt>
  <wpt lat="32.6643262" lon="-115.4926184"><time>2026-01-01T00:19:31Z</time></wpt>
  <wpt lat="32.6643363" lon="-115.4926095"><time>2026-01-01T00:19:32Z</time></wpt>
  <wpt lat="32.6643463" lon="-115.4926006"><time>2026-01-01T00:19:33Z</time></wpt>
  <wpt lat="32.6643564" lon="-115.4925917"><time>2026-01-01T00:19:34Z</time></wpt>
  <wpt lat="32.6643665" lon="-115.4925828"><time>2026-01-01T00:19:35Z</time></wpt>
  <wpt lat="32.6643765" lon="-115.4925739"><time>2026-01-01T00:19:36Z</time></wpt>
  <wpt lat="32.6643866" lon="-115.4925650"><time>2026-01-01T00:19:37Z</time></wpt>
  <wpt lat="32.6643966" lon="-115.4925561"><time>2026-01-01T00:19:38Z</time></wpt>
  <wpt lat="32.6644067" lon="-115.4925472"><time>2026-01-01T00:19:39Z</time></wpt>
  <wpt lat="32.6644167" lon="-115.4925383"><time>2026-01-01T00:19:40Z</time></wpt>
  <wpt lat="32.6644268" lon="-115.4925294"><time>2026-01-01T00:19:41Z</time></wpt>
  <wpt lat="32.6644368" lon="-115.4925205"><time>2026-01-01T00:19:42Z</time></wpt>
  <wpt lat="32.6644469" lon="-115.4925116"><time>2026-01-01T00:19:43Z</time></wpt>
  <wpt lat="32.6644569" lon="-115.4925027"><time>2026-01-01T00:19:44Z</time></wpt>
  <wpt lat="32.6644670" lon="-115.4924938"><time>2026-01-01T00:19:45Z</time></wpt>
  <wpt lat="32.6644770" lon="-115.4924849"><time>2026-01-01T00:19:46Z</time></wpt>
  <wpt lat="32.6644871" lon="-115.4924760"><time>2026-01-01T00:19:47Z</time></wpt>
  <wpt lat="32.6644971" lon="-115.4924671"><time>2026-01-01T00:19:48Z</time></wpt>
  <wpt lat="32.6645072" lon="-115.4924582"><time>2026-01-01T00:19:49Z</time></wpt>
  <wpt lat="32.6645173" lon="-115.4924493"><time>2026-01-01T00:19:50Z</time></wpt>
  <wpt lat="32.6645273" lon="-115.4924404"><time>2026-01-01T00:19:51Z</time></wpt>
  <wpt lat="32.6645374" lon="-115.4924315"><time>2026-01-01T00:19:52Z</time></wpt>
  <wpt lat="32.6645474" lon="-115.4924226"><time>2026-01-01T00:19:53Z</time></wpt>
  <wpt lat="32.6645575" lon="-115.4924137"><time>2026-01-01T00:19:54Z</time></wpt>
  <wpt lat="32.6645675" lon="-115.4924048"><time>2026-01-01T00:19:55Z</time></wpt>
  <wpt lat="32.6645776" lon="-115.4923959"><time>2026-01-01T00:19:56Z</time></wpt>
  <wpt lat="32.6645876" lon="-115.4923870"><time>2026-01-01T00:19:57Z</time></wpt>
  <wpt lat="32.6645977" lon="-115.4923781"><time>2026-01-01T00:19:58Z</time></wpt>
  <wpt lat="32.6646077" lon="-115.4923692"><time>2026-01-01T00:19:59Z</time></wpt>
  <wpt lat="32.6646178" lon="-115.4923603"><time>2026-01-01T00:20:00Z</time></wpt>
  <wpt lat="32.6646278" lon="-115.4923514"><time>2026-01-01T00:20:01Z</time></wpt>
  <wpt lat="32.6646379" lon="-115.4923425"><time>2026-01-01T00:20:02Z</time></wpt>
  <wpt lat="32.6646479" lon="-115.4923336"><time>2026-01-01T00:20:03Z</time></wpt>
  <wpt lat="32.6646580" lon="-115.4923247"><time>2026-01-01T00:20:04Z</time></wpt>
  <wpt lat="32.6646680" lon="-115.4923158"><time>2026-01-01T00:20:05Z</time></wpt>
  <wpt lat="32.6646781" lon="-115.4923069"><time>2026-01-01T00:20:06Z</time></wpt>
  <wpt lat="32.6646882" lon="-115.4922980"><time>2026-01-01T00:20:07Z</time></wpt>
  <wpt lat="32.6646982" lon="-115.4922891"><time>2026-01-01T00:20:08Z</time></wpt>
  <wpt lat="32.6647083" lon="-115.4922802"><time>2026-01-01T00:20:09Z</time></wpt>
  <wpt lat="32.6647183" lon="-115.4922713"><time>2026-01-01T00:20:10Z</time></wpt>
  <wpt lat="32.6647284" lon="-115.4922624"><time>2026-01-01T00:20:11Z</time></wpt>
  <wpt lat="32.6647384" lon="-115.4922535"><time>2026-01-01T00:20:12Z</time></wpt>
  <wpt lat="32.6647485" lon="-115.4922446"><time>2026-01-01T00:20:13Z</time></wpt>
  <wpt lat="32.6647585" lon="-115.4922357"><time>2026-01-01T00:20:14Z</time></wpt>
  <wpt lat="32.6647686" lon="-115.4922268"><time>2026-01-01T00:20:15Z</time></wpt>
  <wpt lat="32.6647786" lon="-115.4922179"><time>2026-01-01T00:20:16Z</time></wpt>
  <wpt lat="32.6647887" lon="-115.4922090"><time>2026-01-01T00:20:17Z</time></wpt>
  <wpt lat="32.6647987" lon="-115.4922001"><time>2026-01-01T00:20:18Z</time></wpt>
  <wpt lat="32.6648088" lon="-115.4921912"><time>2026-01-01T00:20:19Z</time></wpt>
  <wpt lat="32.6648188" lon="-115.4921823"><time>2026-01-01T00:20:20Z</time></wpt>
  <wpt lat="32.6648289" lon="-115.4921734"><time>2026-01-01T00:20:21Z</time></wpt>
  <wpt lat="32.6648289" lon="-115.4921734"><time>2026-01-01T00:20:22Z</time></wpt>
  <wpt lat="32.6648289" lon="-115.4921734"><time>2026-01-01T00:20:23Z</time></wpt>
  <wpt lat="32.6648289" lon="-115.4921734"><time>2026-01-01T00:20:24Z</time></wpt>
  <wpt lat="32.6648289" lon="-115.4921734"><time>2026-01-01T00:20:25Z</time></wpt>
  <wpt lat="32.6648289" lon="-115.4921734"><time>2026-01-01T00:20:26Z</time></wpt>
  <wpt lat="32.6648289" lon="-115.4921734"><time>2026-01-01T00:20:27Z</time></wpt>
  <wpt lat="32.6648289" lon="-115.4921734"><time>2026-01-01T00:20:28Z</time></wpt>
  <wpt lat="32.6648289" lon="-115.4921734"><time>2026-01-01T00:20:29Z</time></wpt>
  <wpt lat="32.6648289" lon="-115.4921734"><time>2026-01-01T00:20:30Z</time></wpt>
  <wpt lat="32.6648289" lon="-115.4921734"><time>2026-01-01T00:20:31Z</time></wpt>
  <wpt lat="32.6648289" lon="-115.4921734"><time>2026-01-01T00:20:32Z</time></wpt>
  <wpt lat="32.6648289" lon="-115.4921734"><time>2026-01-01T00:20:33Z</time></wpt>
  <wpt lat="32.6648289" lon="-115.4921734"><time>2026-01-01T00:20:34Z</time></wpt>
  <wpt lat="32.6648289" lon="-115.4921734"><time>2026-01-01T00:20:35Z</time></wpt>
  <wpt lat="32.6648289" lon="-115.4921734"><time>2026-01-01T00:20:36Z</time></wpt>
  <wpt lat="32.6648289" lon="-115.4921734"><time>2026-01-01T00:20:37Z</time></wpt>
  <wpt lat="32.6648284" lon="-115.4921585"><time>2026-01-01T00:20:38Z</time></wpt>
  <wpt lat="32.6648280" lon="-115.4921435"><time>2026-01-01T00:20:39Z</time></wpt>
  <wpt lat="32.6648275" lon="-115.4921286"><time>2026-01-01T00:20:40Z</time></wpt>
  <wpt lat="32.6648270" lon="-115.4921137"><time>2026-01-01T00:20:41Z</time></wpt>
  <wpt lat="32.6648266" lon="-115.4920987"><time>2026-01-01T00:20:42Z</time></wpt>
  <wpt lat="32.6648261" lon="-115.4920838"><time>2026-01-01T00:20:43Z</time></wpt>
  <wpt lat="32.6648256" lon="-115.4920689"><time>2026-01-01T00:20:44Z</time></wpt>
  <wpt lat="32.6648251" lon="-115.4920539"><time>2026-01-01T00:20:45Z</time></wpt>
  <wpt lat="32.6648247" lon="-115.4920390"><time>2026-01-01T00:20:46Z</time></wpt>
  <wpt lat="32.6648242" lon="-115.4920241"><time>2026-01-01T00:20:47Z</time></wpt>
  <wpt lat="32.6648237" lon="-115.4920091"><time>2026-01-01T00:20:48Z</time></wpt>
  <wpt lat="32.6648233" lon="-115.4919942"><time>2026-01-01T00:20:49Z</time></wpt>
  <wpt lat="32.6648228" lon="-115.4919793"><time>2026-01-01T00:20:50Z</time></wpt>
  <wpt lat="32.6648223" lon="-115.4919644"><time>2026-01-01T00:20:51Z</time></wpt>
  <wpt lat="32.6648219" lon="-115.4919494"><time>2026-01-01T00:20:52Z</time></wpt>
  <wpt lat="32.6648214" lon="-115.4919345"><time>2026-01-01T00:20:53Z</time></wpt>
  <wpt lat="32.6648209" lon="-115.4919196"><time>2026-01-01T00:20:54Z</time></wpt>
  <wpt lat="32.6648204" lon="-115.4919046"><time>2026-01-01T00:20:55Z</time></wpt>
  <wpt lat="32.6648200" lon="-115.4918897"><time>2026-01-01T00:20:56Z</time></wpt>
  <wpt lat="32.6648195" lon="-115.4918748"><time>2026-01-01T00:20:57Z</time></wpt>
  <wpt lat="32.6648190" lon="-115.4918598"><time>2026-01-01T00:20:58Z</time></wpt>
  <wpt lat="32.6648186" lon="-115.4918449"><time>2026-01-01T00:20:59Z</time></wpt>
  <wpt lat="32.6648181" lon="-115.4918300"><time>2026-01-01T00:21:00Z</time></wpt>
  <wpt lat="32.6648176" lon="-115.4918150"><time>2026-01-01T00:21:01Z</time></wpt>
  <wpt lat="32.6648172" lon="-115.4918001"><time>2026-01-01T00:21:02Z</time></wpt>
  <wpt lat="32.6648167" lon="-115.4917852"><time>2026-01-01T00:21:03Z</time></wpt>
  <wpt lat="32.6648162" lon="-115.4917702"><time>2026-01-01T00:21:04Z</time></wpt>
  <wpt lat="32.6648158" lon="-115.4917553"><time>2026-01-01T00:21:05Z</time></wpt>
  <wpt lat="32.6648153" lon="-115.4917404"><time>2026-01-01T00:21:06Z</time></wpt>
  <wpt lat="32.6648148" lon="-115.4917254"><time>2026-01-01T00:21:07Z</time></wpt>
  <wpt lat="32.6648143" lon="-115.4917105"><time>2026-01-01T00:21:08Z</time></wpt>
  <wpt lat="32.6648139" lon="-115.4916956"><time>2026-01-01T00:21:09Z</time></wpt>
  <wpt lat="32.6648134" lon="-115.4916806"><time>2026-01-01T00:21:10Z</time></wpt>
  <wpt lat="32.6648129" lon="-115.4916657"><time>2026-01-01T00:21:11Z</time></wpt>
  <wpt lat="32.6648125" lon="-115.4916508"><time>2026-01-01T00:21:12Z</time></wpt>
  <wpt lat="32.6648120" lon="-115.4916358"><time>2026-01-01T00:21:13Z</time></wpt>
  <wpt lat="32.6648115" lon="-115.4916209"><time>2026-01-01T00:21:14Z</time></wpt>
  <wpt lat="32.6648111" lon="-115.4916060"><time>2026-01-01T00:21:15Z</time></wpt>
  <wpt lat="32.6648106" lon="-115.4915911"><time>2026-01-01T00:21:16Z</time></wpt>
  <wpt lat="32.6648101" lon="-115.4915761"><time>2026-01-01T00:21:17Z</time></wpt>
  <wpt lat="32.6648097" lon="-115.4915612"><time>2026-01-01T00:21:18Z</time></wpt>
  <wpt lat="32.6648092" lon="-115.4915463"><time>2026-01-01T00:21:19Z</time></wpt>
  <wpt lat="32.6648087" lon="-115.4915313"><time>2026-01-01T00:21:20Z</time></wpt>
  <wpt lat="32.6648082" lon="-115.4915164"><time>2026-01-01T00:21:21Z</time></wpt>
  <wpt lat="32.6648078" lon="-115.4915015"><time>2026-01-01T00:21:22Z</time></wpt>
  <wpt lat="32.6648073" lon="-115.4914865"><time>2026-01-01T00:21:23Z</time></wpt>
  <wpt lat="32.6648068" lon="-115.4914716"><time>2026-01-01T00:21:24Z</time></wpt>
  <wpt lat="32.6648064" lon="-115.4914567"><time>2026-01-01T00:21:25Z</time></wpt>
  <wpt lat="32.6648059" lon="-115.4914417"><time>2026-01-01T00:21:26Z</time></wpt>
  <wpt lat="32.6648054" lon="-115.4914268"><time>2026-01-01T00:21:27Z</time></wpt>
  <wpt lat="32.6648050" lon="-115.4914119"><time>2026-01-01T00:21:28Z</time></wpt>
  <wpt lat="32.6648045" lon="-115.4913969"><time>2026-01-01T00:21:29Z</time></wpt>
  <wpt lat="32.6648040" lon="-115.4913820"><time>2026-01-01T00:21:30Z</time></wpt>
  <wpt lat="32.6648035" lon="-115.4913671"><time>2026-01-01T00:21:31Z</time></wpt>
  <wpt lat="32.6648031" lon="-115.4913521"><time>2026-01-01T00:21:32Z</time></wpt>
  <wpt lat="32.6648026" lon="-115.4913372"><time>2026-01-01T00:21:33Z</time></wpt>
  <wpt lat="32.6648021" lon="-115.4913223"><time>2026-01-01T00:21:34Z</time></wpt>
  <wpt lat="32.6648017" lon="-115.4913073"><time>2026-01-01T00:21:35Z</time></wpt>
  <wpt lat="32.6648012" lon="-115.4912924"><time>2026-01-01T00:21:36Z</time></wpt>
  <wpt lat="32.6648007" lon="-115.4912775"><time>2026-01-01T00:21:37Z</time></wpt>
  <wpt lat="32.6648003" lon="-115.4912625"><time>2026-01-01T00:21:38Z</time></wpt>
  <wpt lat="32.6647998" lon="-115.4912476"><time>2026-01-01T00:21:39Z</time></wpt>
  <wpt lat="32.6647993" lon="-115.4912327"><time>2026-01-01T00:21:40Z</time></wpt>
  <wpt lat="32.6647989" lon="-115.4912178"><time>2026-01-01T00:21:41Z</time></wpt>
  <wpt lat="32.6647984" lon="-115.4912028"><time>2026-01-01T00:21:42Z</time></wpt>
  <wpt lat="32.6647979" lon="-115.4911879"><time>2026-01-01T00:21:43Z</time></wpt>
  <wpt lat="32.6647974" lon="-115.4911730"><time>2026-01-01T00:21:44Z</time></wpt>
  <wpt lat="32.6647970" lon="-115.4911580"><time>2026-01-01T00:21:45Z</time></wpt>
  <wpt lat="32.6647965" lon="-115.4911431"><time>2026-01-01T00:21:46Z</time></wpt>
  <wpt lat="32.6647960" lon="-115.4911282"><time>2026-01-01T00:21:47Z</time></wpt>
  <wpt lat="32.6647956" lon="-115.4911132"><time>2026-01-01T00:21:48Z</time></wpt>
  <wpt lat="32.6647951" lon="-115.4910983"><time>2026-01-01T00:21:49Z</time></wpt>
  <wpt lat="32.6647946" lon="-115.4910834"><time>2026-01-01T00:21:50Z</time></wpt>
  <wpt lat="32.6647942" lon="-115.4910684"><time>2026-01-01T00:21:51Z</time></wpt>
  <wpt lat="32.6647937" lon="-115.4910535"><time>2026-01-01T00:21:52Z</time></wpt>
  <wpt lat="32.6647932" lon="-115.4910386"><time>2026-01-01T00:21:53Z</time></wpt>
  <wpt lat="32.6647927" lon="-115.4910236"><time>2026-01-01T00:21:54Z</time></wpt>
  <wpt lat="32.6647923" lon="-115.4910087"><time>2026-01-01T00:21:55Z</time></wpt>
  <wpt lat="32.6647918" lon="-115.4909938"><time>2026-01-01T00:21:56Z</time></wpt>
  <wpt lat="32.6647913" lon="-115.4909788"><time>2026-01-01T00:21:57Z</time></wpt>
  <wpt lat="32.6647909" lon="-115.4909639"><time>2026-01-01T00:21:58Z</time></wpt>
  <wpt lat="32.6647904" lon="-115.4909490"><time>2026-01-01T00:21:59Z</time></wpt>
  <wpt lat="32.6647899" lon="-115.4909340"><time>2026-01-01T00:22:00Z</time></wpt>
  <wpt lat="32.6647895" lon="-115.4909191"><time>2026-01-01T00:22:01Z</time></wpt>
  <wpt lat="32.6647890" lon="-115.4909042"><time>2026-01-01T00:22:02Z</time></wpt>
  <wpt lat="32.6647885" lon="-115.4908892"><time>2026-01-01T00:22:03Z</time></wpt>
  <wpt lat="32.6647881" lon="-115.4908743"><time>2026-01-01T00:22:04Z</time></wpt>
  <wpt lat="32.6647876" lon="-115.4908594"><time>2026-01-01T00:22:05Z</time></wpt>
  <wpt lat="32.6647871" lon="-115.4908444"><time>2026-01-01T00:22:06Z</time></wpt>
  <wpt lat="32.6647866" lon="-115.4908295"><time>2026-01-01T00:22:07Z</time></wpt>
  <wpt lat="32.6647862" lon="-115.4908146"><time>2026-01-01T00:22:08Z</time></wpt>
  <wpt lat="32.6647857" lon="-115.4907997"><time>2026-01-01T00:22:09Z</time></wpt>
  <wpt lat="32.6647852" lon="-115.4907847"><time>2026-01-01T00:22:10Z</time></wpt>
  <wpt lat="32.6647848" lon="-115.4907698"><time>2026-01-01T00:22:11Z</time></wpt>
  <wpt lat="32.6647843" lon="-115.4907549"><time>2026-01-01T00:22:12Z</time></wpt>
  <wpt lat="32.6647838" lon="-115.4907399"><time>2026-01-01T00:22:13Z</time></wpt>
  <wpt lat="32.6647834" lon="-115.4907250"><time>2026-01-01T00:22:14Z</time></wpt>
  <wpt lat="32.6647829" lon="-115.4907101"><time>2026-01-01T00:22:15Z</time></wpt>
  <wpt lat="32.6647824" lon="-115.4906951"><time>2026-01-01T00:22:16Z</time></wpt>
  <wpt lat="32.6647820" lon="-115.4906802"><time>2026-01-01T00:22:17Z</time></wpt>
  <wpt lat="32.6647815" lon="-115.4906653"><time>2026-01-01T00:22:18Z</time></wpt>
  <wpt lat="32.6647810" lon="-115.4906503"><time>2026-01-01T00:22:19Z</time></wpt>
  <wpt lat="32.6647805" lon="-115.4906354"><time>2026-01-01T00:22:20Z</time></wpt>
  <wpt lat="32.6647801" lon="-115.4906205"><time>2026-01-01T00:22:21Z</time></wpt>
  <wpt lat="32.6647796" lon="-115.4906055"><time>2026-01-01T00:22:22Z</time></wpt>
  <wpt lat="32.6647791" lon="-115.4905906"><time>2026-01-01T00:22:23Z</time></wpt>
  <wpt lat="32.6647787" lon="-115.4905757"><time>2026-01-01T00:22:24Z</time></wpt>
  <wpt lat="32.6647782" lon="-115.4905607"><time>2026-01-01T00:22:25Z</time></wpt>
  <wpt lat="32.6647777" lon="-115.4905458"><time>2026-01-01T00:22:26Z</time></wpt>
  <wpt lat="32.6647773" lon="-115.4905309"><time>2026-01-01T00:22:27Z</time></wpt>
  <wpt lat="32.6647768" lon="-115.4905159"><time>2026-01-01T00:22:28Z</time></wpt>
  <wpt lat="32.6647763" lon="-115.4905010"><time>2026-01-01T00:22:29Z</time></wpt>
  <wpt lat="32.6647758" lon="-115.4904861"><time>2026-01-01T00:22:30Z</time></wpt>
  <wpt lat="32.6647754" lon="-115.4904711"><time>2026-01-01T00:22:31Z</time></wpt>
  <wpt lat="32.6647749" lon="-115.4904562"><time>2026-01-01T00:22:32Z</time></wpt>
  <wpt lat="32.6647744" lon="-115.4904413"><time>2026-01-01T00:22:33Z</time></wpt>
  <wpt lat="32.6647740" lon="-115.4904264"><time>2026-01-01T00:22:34Z</time></wpt>
  <wpt lat="32.6647735" lon="-115.4904114"><time>2026-01-01T00:22:35Z</time></wpt>
  <wpt lat="32.6647730" lon="-115.4903965"><time>2026-01-01T00:22:36Z</time></wpt>
  <wpt lat="32.6647726" lon="-115.4903816"><time>2026-01-01T00:22:37Z</time></wpt>
  <wpt lat="32.6647721" lon="-115.4903666"><time>2026-01-01T00:22:38Z</time></wpt>
  <wpt lat="32.6647716" lon="-115.4903517"><time>2026-01-01T00:22:39Z</time></wpt>
  <wpt lat="32.6647712" lon="-115.4903368"><time>2026-01-01T00:22:40Z</time></wpt>
  <wpt lat="32.6647707" lon="-115.4903218"><time>2026-01-01T00:22:41Z</time></wpt>
  <wpt lat="32.6647702" lon="-115.4903069"><time>2026-01-01T00:22:42Z</time></wpt>
  <wpt lat="32.6647697" lon="-115.4902920"><time>2026-01-01T00:22:43Z</time></wpt>
  <wpt lat="32.6647693" lon="-115.4902770"><time>2026-01-01T00:22:44Z</time></wpt>
  <wpt lat="32.6647688" lon="-115.4902621"><time>2026-01-01T00:22:45Z</time></wpt>
  <wpt lat="32.6647683" lon="-115.4902472"><time>2026-01-01T00:22:46Z</time></wpt>
  <wpt lat="32.6647679" lon="-115.4902322"><time>2026-01-01T00:22:47Z</time></wpt>
  <wpt lat="32.6647674" lon="-115.4902173"><time>2026-01-01T00:22:48Z</time></wpt>
  <wpt lat="32.6647669" lon="-115.4902024"><time>2026-01-01T00:22:49Z</time></wpt>
  <wpt lat="32.6647665" lon="-115.4901874"><time>2026-01-01T00:22:50Z</time></wpt>
  <wpt lat="32.6647660" lon="-115.4901725"><time>2026-01-01T00:22:51Z</time></wpt>
  <wpt lat="32.6647655" lon="-115.4901576"><time>2026-01-01T00:22:52Z</time></wpt>
  <wpt lat="32.6647650" lon="-115.4901426"><time>2026-01-01T00:22:53Z</time></wpt>
  <wpt lat="32.6647646" lon="-115.4901277"><time>2026-01-01T00:22:54Z</time></wpt>
  <wpt lat="32.6647641" lon="-115.4901128"><time>2026-01-01T00:22:55Z</time></wpt>
  <wpt lat="32.6647636" lon="-115.4900978"><time>2026-01-01T00:22:56Z</time></wpt>
  <wpt lat="32.6647632" lon="-115.4900829"><time>2026-01-01T00:22:57Z</time></wpt>
  <wpt lat="32.6647627" lon="-115.4900680"><time>2026-01-01T00:22:58Z</time></wpt>
  <wpt lat="32.6647622" lon="-115.4900531"><time>2026-01-01T00:22:59Z</time></wpt>
  <wpt lat="32.6647618" lon="-115.4900381"><time>2026-01-01T00:23:00Z</time></wpt>
  <wpt lat="32.6647613" lon="-115.4900232"><time>2026-01-01T00:23:01Z</time></wpt>
  <wpt lat="32.6647608" lon="-115.4900083"><time>2026-01-01T00:23:02Z</time></wpt>
  <wpt lat="32.6647604" lon="-115.4899933"><time>2026-01-01T00:23:03Z</time></wpt>
  <wpt lat="32.6647599" lon="-115.4899784"><time>2026-01-01T00:23:04Z</time></wpt>
  <wpt lat="32.6647594" lon="-115.4899635"><time>2026-01-01T00:23:05Z</time></wpt>
  <wpt lat="32.6647589" lon="-115.4899485"><time>2026-01-01T00:23:06Z</time></wpt>
  <wpt lat="32.6647585" lon="-115.4899336"><time>2026-01-01T00:23:07Z</time></wpt>
  <wpt lat="32.6647580" lon="-115.4899187"><time>2026-01-01T00:23:08Z</time></wpt>
  <wpt lat="32.6647575" lon="-115.4899037"><time>2026-01-01T00:23:09Z</time></wpt>
  <wpt lat="32.6647571" lon="-115.4898888"><time>2026-01-01T00:23:10Z</time></wpt>
  <wpt lat="32.6647566" lon="-115.4898739"><time>2026-01-01T00:23:11Z</time></wpt>
  <wpt lat="32.6647561" lon="-115.4898589"><time>2026-01-01T00:23:12Z</time></wpt>
  <wpt lat="32.6647557" lon="-115.4898440"><time>2026-01-01T00:23:13Z</time></wpt>
  <wpt lat="32.6647552" lon="-115.4898291"><time>2026-01-01T00:23:14Z</time></wpt>
  <wpt lat="32.6647547" lon="-115.4898141"><time>2026-01-01T00:23:15Z</time></wpt>
  <wpt lat="32.6647543" lon="-115.4897992"><time>2026-01-01T00:23:16Z</time></wpt>
  <wpt lat="32.6647538" lon="-115.4897843"><time>2026-01-01T00:23:17Z</time></wpt>
  <wpt lat="32.6647533" lon="-115.4897693"><time>2026-01-01T00:23:18Z</time></wpt>
  <wpt lat="32.6647528" lon="-115.4897544"><time>2026-01-01T00:23:19Z</time></wpt>
  <wpt lat="32.6647524" lon="-115.4897395"><time>2026-01-01T00:23:20Z</time></wpt>
  <wpt lat="32.6647519" lon="-115.4897245"><time>2026-01-01T00:23:21Z</time></wpt>
  <wpt lat="32.6647514" lon="-115.4897096"><time>2026-01-01T00:23:22Z</time></wpt>
  <wpt lat="32.6647510" lon="-115.4896947"><time>2026-01-01T00:23:23Z</time></wpt>
  <wpt lat="32.6647505" lon="-115.4896798"><time>2026-01-01T00:23:24Z</time></wpt>
  <wpt lat="32.6647500" lon="-115.4896648"><time>2026-01-01T00:23:25Z</time></wpt>
  <wpt lat="32.6647496" lon="-115.4896499"><time>2026-01-01T00:23:26Z</time></wpt>
  <wpt lat="32.6647491" lon="-115.4896350"><time>2026-01-01T00:23:27Z</time></wpt>
  <wpt lat="32.6647486" lon="-115.4896200"><time>2026-01-01T00:23:28Z</time></wpt>
  <wpt lat="32.6647481" lon="-115.4896051"><time>2026-01-01T00:23:29Z</time></wpt>
  <wpt lat="32.6647477" lon="-115.4895902"><time>2026-01-01T00:23:30Z</time></wpt>
  <wpt lat="32.6647472" lon="-115.4895752"><time>2026-01-01T00:23:31Z</time></wpt>
  <wpt lat="32.6647467" lon="-115.4895603"><time>2026-01-01T00:23:32Z</time></wpt>
  <wpt lat="32.6647463" lon="-115.4895454"><time>2026-01-01T00:23:33Z</time></wpt>
  <wpt lat="32.6647458" lon="-115.4895304"><time>2026-01-01T00:23:34Z</time></wpt>
  <wpt lat="32.6647453" lon="-115.4895155"><time>2026-01-01T00:23:35Z</time></wpt>
  <wpt lat="32.6647449" lon="-115.4895006"><time>2026-01-01T00:23:36Z</time></wpt>
  <wpt lat="32.6647444" lon="-115.4894856"><time>2026-01-01T00:23:37Z</time></wpt>
  <wpt lat="32.6647439" lon="-115.4894707"><time>2026-01-01T00:23:38Z</time></wpt>
  <wpt lat="32.6647435" lon="-115.4894558"><time>2026-01-01T00:23:39Z</time></wpt>
  <wpt lat="32.6647430" lon="-115.4894408"><time>2026-01-01T00:23:40Z</time></wpt>
  <wpt lat="32.6647425" lon="-115.4894259"><time>2026-01-01T00:23:41Z</time></wpt>
  <wpt lat="32.6647420" lon="-115.4894110"><time>2026-01-01T00:23:42Z</time></wpt>
  <wpt lat="32.6647416" lon="-115.4893960"><time>2026-01-01T00:23:43Z</time></wpt>
  <wpt lat="32.6647411" lon="-115.4893811"><time>2026-01-01T00:23:44Z</time></wpt>
  <wpt lat="32.6647406" lon="-115.4893662"><time>2026-01-01T00:23:45Z</time></wpt>
  <wpt lat="32.6647402" lon="-115.4893512"><time>2026-01-01T00:23:46Z</time></wpt>
  <wpt lat="32.6647397" lon="-115.4893363"><time>2026-01-01T00:23:47Z</time></wpt>
  <wpt lat="32.6647392" lon="-115.4893214"><time>2026-01-01T00:23:48Z</time></wpt>
  <wpt lat="32.6647388" lon="-115.4893065"><time>2026-01-01T00:23:49Z</time></wpt>
  <wpt lat="32.6647383" lon="-115.4892915"><time>2026-01-01T00:23:50Z</time></wpt>
  <wpt lat="32.6647378" lon="-115.4892766"><time>2026-01-01T00:23:51Z</time></wpt>
  <wpt lat="32.6647374" lon="-115.4892617"><time>2026-01-01T00:23:52Z</time></wpt>
  <wpt lat="32.6647369" lon="-115.4892467"><time>2026-01-01T00:23:53Z</time></wpt>
  <wpt lat="32.6647364" lon="-115.4892318"><time>2026-01-01T00:23:54Z</time></wpt>
  <wpt lat="32.6647359" lon="-115.4892169"><time>2026-01-01T00:23:55Z</time></wpt>
  <wpt lat="32.6647355" lon="-115.4892019"><time>2026-01-01T00:23:56Z</time></wpt>
  <wpt lat="32.6647350" lon="-115.4891870"><time>2026-01-01T00:23:57Z</time></wpt>
  <wpt lat="32.6647345" lon="-115.4891721"><time>2026-01-01T00:23:58Z</time></wpt>
  <wpt lat="32.6647341" lon="-115.4891571"><time>2026-01-01T00:23:59Z</time></wpt>
  <wpt lat="32.6647336" lon="-115.4891422"><time>2026-01-01T00:24:00Z</time></wpt>
  <wpt lat="32.6647331" lon="-115.4891273"><time>2026-01-01T00:24:01Z</time></wpt>
  <wpt lat="32.6647327" lon="-115.4891123"><time>2026-01-01T00:24:02Z</time></wpt>
  <wpt lat="32.6647322" lon="-115.4890974"><time>2026-01-01T00:24:03Z</time></wpt>
  <wpt lat="32.6647317" lon="-115.4890825"><time>2026-01-01T00:24:04Z</time></wpt>
  <wpt lat="32.6647312" lon="-115.4890675"><time>2026-01-01T00:24:05Z</time></wpt>
  <wpt lat="32.6647308" lon="-115.4890526"><time>2026-01-01T00:24:06Z</time></wpt>
  <wpt lat="32.6647303" lon="-115.4890377"><time>2026-01-01T00:24:07Z</time></wpt>
  <wpt lat="32.6647298" lon="-115.4890227"><time>2026-01-01T00:24:08Z</time></wpt>
  <wpt lat="32.6647294" lon="-115.4890078"><time>2026-01-01T00:24:09Z</time></wpt>
  <wpt lat="32.6647289" lon="-115.4889929"><time>2026-01-01T00:24:10Z</time></wpt>
  <wpt lat="32.6647284" lon="-115.4889779"><time>2026-01-01T00:24:11Z</time></wpt>
  <wpt lat="32.6647280" lon="-115.4889630"><time>2026-01-01T00:24:12Z</time></wpt>
  <wpt lat="32.6647275" lon="-115.4889481"><time>2026-01-01T00:24:13Z</time></wpt>
  <wpt lat="32.6647270" lon="-115.4889332"><time>2026-01-01T00:24:14Z</time></wpt>
  <wpt lat="32.6647266" lon="-115.4889182"><time>2026-01-01T00:24:15Z</time></wpt>
  <wpt lat="32.6647261" lon="-115.4889033"><time>2026-01-01T00:24:16Z</time></wpt>
  <wpt lat="32.6647256" lon="-115.4888884"><time>2026-01-01T00:24:17Z</time></wpt>
  <wpt lat="32.6647251" lon="-115.4888734"><time>2026-01-01T00:24:18Z</time></wpt>
  <wpt lat="32.6647247" lon="-115.4888585"><time>2026-01-01T00:24:19Z</time></wpt>
  <wpt lat="32.6647242" lon="-115.4888436"><time>2026-01-01T00:24:20Z</time></wpt>
  <wpt lat="32.6647237" lon="-115.4888286"><time>2026-01-01T00:24:21Z</time></wpt>
  <wpt lat="32.6647233" lon="-115.4888137"><time>2026-01-01T00:24:22Z</time></wpt>
  <wpt lat="32.6647228" lon="-115.4887988"><time>2026-01-01T00:24:23Z</time></wpt>
  <wpt lat="32.6647223" lon="-115.4887838"><time>2026-01-01T00:24:24Z</time></wpt>
  <wpt lat="32.6647219" lon="-115.4887689"><time>2026-01-01T00:24:25Z</time></wpt>
  <wpt lat="32.6647214" lon="-115.4887540"><time>2026-01-01T00:24:26Z</time></wpt>
  <wpt lat="32.6647209" lon="-115.4887390"><time>2026-01-01T00:24:27Z</time></wpt>
  <wpt lat="32.6647204" lon="-115.4887241"><time>2026-01-01T00:24:28Z</time></wpt>
  <wpt lat="32.6647200" lon="-115.4887092"><time>2026-01-01T00:24:29Z</time></wpt>
  <wpt lat="32.6647195" lon="-115.4886942"><time>2026-01-01T00:24:30Z</time></wpt>
  <wpt lat="32.6647190" lon="-115.4886793"><time>2026-01-01T00:24:31Z</time></wpt>
  <wpt lat="32.6647186" lon="-115.4886644"><time>2026-01-01T00:24:32Z</time></wpt>
  <wpt lat="32.6647181" lon="-115.4886494"><time>2026-01-01T00:24:33Z</time></wpt>
  <wpt lat="32.6647176" lon="-115.4886345"><time>2026-01-01T00:24:34Z</time></wpt>
  <wpt lat="32.6647172" lon="-115.4886196"><time>2026-01-01T00:24:35Z</time></wpt>
  <wpt lat="32.6647167" lon="-115.4886046"><time>2026-01-01T00:24:36Z</time></wpt>
  <wpt lat="32.6647162" lon="-115.4885897"><time>2026-01-01T00:24:37Z</time></wpt>
  <wpt lat="32.6647158" lon="-115.4885748"><time>2026-01-01T00:24:38Z</time></wpt>
  <wpt lat="32.6647153" lon="-115.4885599"><time>2026-01-01T00:24:39Z</time></wpt>
  <wpt lat="32.6647148" lon="-115.4885449"><time>2026-01-01T00:24:40Z</time></wpt>
  <wpt lat="32.6647143" lon="-115.4885300"><time>2026-01-01T00:24:41Z</time></wpt>
  <wpt lat="32.6647139" lon="-115.4885151"><time>2026-01-01T00:24:42Z</time></wpt>
  <wpt lat="32.6647134" lon="-115.4885001"><time>2026-01-01T00:24:43Z</time></wpt>
  <wpt lat="32.6647129" lon="-115.4884852"><time>2026-01-01T00:24:44Z</time></wpt>
  <wpt lat="32.6647125" lon="-115.4884703"><time>2026-01-01T00:24:45Z</time></wpt>
  <wpt lat="32.6647120" lon="-115.4884553"><time>2026-01-01T00:24:46Z</time></wpt>
  <wpt lat="32.6647115" lon="-115.4884404"><time>2026-01-01T00:24:47Z</time></wpt>
  <wpt lat="32.6647111" lon="-115.4884255"><time>2026-01-01T00:24:48Z</time></wpt>
  <wpt lat="32.6647106" lon="-115.4884105"><time>2026-01-01T00:24:49Z</time></wpt>
  <wpt lat="32.6647101" lon="-115.4883956"><time>2026-01-01T00:24:50Z</time></wpt>
  <wpt lat="32.6647097" lon="-115.4883807"><time>2026-01-01T00:24:51Z</time></wpt>
  <wpt lat="32.6647092" lon="-115.4883657"><time>2026-01-01T00:24:52Z</time></wpt>
  <wpt lat="32.6647087" lon="-115.4883508"><time>2026-01-01T00:24:53Z</time></wpt>
  <wpt lat="32.6647082" lon="-115.4883359"><time>2026-01-01T00:24:54Z</time></wpt>
  <wpt lat="32.6647078" lon="-115.4883209"><time>2026-01-01T00:24:55Z</time></wpt>
  <wpt lat="32.6647073" lon="-115.4883060"><time>2026-01-01T00:24:56Z</time></wpt>
  <wpt lat="32.6647068" lon="-115.4882911"><time>2026-01-01T00:24:57Z</time></wpt>
  <wpt lat="32.6647064" lon="-115.4882761"><time>2026-01-01T00:24:58Z</time></wpt>
  <wpt lat="32.6647059" lon="-115.4882612"><time>2026-01-01T00:24:59Z</time></wpt>
  <wpt lat="32.6647054" lon="-115.4882463"><time>2026-01-01T00:25:00Z</time></wpt>
  <wpt lat="32.6647050" lon="-115.4882313"><time>2026-01-01T00:25:01Z</time></wpt>
  <wpt lat="32.6647045" lon="-115.4882164"><time>2026-01-01T00:25:02Z</time></wpt>
  <wpt lat="32.6647040" lon="-115.4882015"><time>2026-01-01T00:25:03Z</time></wpt>
  <wpt lat="32.6647035" lon="-115.4881865"><time>2026-01-01T00:25:04Z</time></wpt>
  <wpt lat="32.6647031" lon="-115.4881716"><time>2026-01-01T00:25:05Z</time></wpt>
  <wpt lat="32.6647026" lon="-115.4881567"><time>2026-01-01T00:25:06Z</time></wpt>
  <wpt lat="32.6647021" lon="-115.4881418"><time>2026-01-01T00:25:07Z</time></wpt>
  <wpt lat="32.6647017" lon="-115.4881268"><time>2026-01-01T00:25:08Z</time></wpt>
  <wpt lat="32.6647012" lon="-115.4881119"><time>2026-01-01T00:25:09Z</time></wpt>
  <wpt lat="32.6647007" lon="-115.4880970"><time>2026-01-01T00:25:10Z</time></wpt>
  <wpt lat="32.6647003" lon="-115.4880820"><time>2026-01-01T00:25:11Z</time></wpt>
  <wpt lat="32.6646998" lon="-115.4880671"><time>2026-01-01T00:25:12Z</time></wpt>
  <wpt lat="32.6646993" lon="-115.4880522"><time>2026-01-01T00:25:13Z</time></wpt>
  <wpt lat="32.6646989" lon="-115.4880372"><time>2026-01-01T00:25:14Z</time></wpt>
  <wpt lat="32.6646984" lon="-115.4880223"><time>2026-01-01T00:25:15Z</time></wpt>
  <wpt lat="32.6646979" lon="-115.4880074"><time>2026-01-01T00:25:16Z</time></wpt>
  <wpt lat="32.6646974" lon="-115.4879924"><time>2026-01-01T00:25:17Z</time></wpt>
  <wpt lat="32.6646970" lon="-115.4879775"><time>2026-01-01T00:25:18Z</time></wpt>
  <wpt lat="32.6646965" lon="-115.4879626"><time>2026-01-01T00:25:19Z</time></wpt>
  <wpt lat="32.6646960" lon="-115.4879476"><time>2026-01-01T00:25:20Z</time></wpt>
  <wpt lat="32.6646956" lon="-115.4879327"><time>2026-01-01T00:25:21Z</time></wpt>
  <wpt lat="32.6646951" lon="-115.4879178"><time>2026-01-01T00:25:22Z</time></wpt>
  <wpt lat="32.6646946" lon="-115.4879028"><time>2026-01-01T00:25:23Z</time></wpt>
  <wpt lat="32.6646942" lon="-115.4878879"><time>2026-01-01T00:25:24Z</time></wpt>
  <wpt lat="32.6646937" lon="-115.4878730"><time>2026-01-01T00:25:25Z</time></wpt>
  <wpt lat="32.6646932" lon="-115.4878580"><time>2026-01-01T00:25:26Z</time></wpt>
  <wpt lat="32.6646927" lon="-115.4878431"><time>2026-01-01T00:25:27Z</time></wpt>
  <wpt lat="32.6646923" lon="-115.4878282"><time>2026-01-01T00:25:28Z</time></wpt>
  <wpt lat="32.6646918" lon="-115.4878132"><time>2026-01-01T00:25:29Z</time></wpt>
  <wpt lat="32.6646913" lon="-115.4877983"><time>2026-01-01T00:25:30Z</time></wpt>
  <wpt lat="32.6646909" lon="-115.4877834"><time>2026-01-01T00:25:31Z</time></wpt>
  <wpt lat="32.6646904" lon="-115.4877685"><time>2026-01-01T00:25:32Z</time></wpt>
  <wpt lat="32.6646899" lon="-115.4877535"><time>2026-01-01T00:25:33Z</time></wpt>
  <wpt lat="32.6646895" lon="-115.4877386"><time>2026-01-01T00:25:34Z</time></wpt>
  <wpt lat="32.6646890" lon="-115.4877237"><time>2026-01-01T00:25:35Z</time></wpt>
  <wpt lat="32.6646885" lon="-115.4877087"><time>2026-01-01T00:25:36Z</time></wpt>
  <wpt lat="32.6646881" lon="-115.4876938"><time>2026-01-01T00:25:37Z</time></wpt>
  <wpt lat="32.6646876" lon="-115.4876789"><time>2026-01-01T00:25:38Z</time></wpt>
  <wpt lat="32.6646871" lon="-115.4876639"><time>2026-01-01T00:25:39Z</time></wpt>
  <wpt lat="32.6646866" lon="-115.4876490"><time>2026-01-01T00:25:40Z</time></wpt>
  <wpt lat="32.6646862" lon="-115.4876341"><time>2026-01-01T00:25:41Z</time></wpt>
  <wpt lat="32.6646857" lon="-115.4876191"><time>2026-01-01T00:25:42Z</time></wpt>
  <wpt lat="32.6646852" lon="-115.4876042"><time>2026-01-01T00:25:43Z</time></wpt>
  <wpt lat="32.6646848" lon="-115.4875893"><time>2026-01-01T00:25:44Z</time></wpt>
  <wpt lat="32.6646843" lon="-115.4875743"><time>2026-01-01T00:25:45Z</time></wpt>
  <wpt lat="32.6646838" lon="-115.4875594"><time>2026-01-01T00:25:46Z</time></wpt>
  <wpt lat="32.6646834" lon="-115.4875445"><time>2026-01-01T00:25:47Z</time></wpt>
  <wpt lat="32.6646829" lon="-115.4875295"><time>2026-01-01T00:25:48Z</time></wpt>
  <wpt lat="32.6646824" lon="-115.4875146"><time>2026-01-01T00:25:49Z</time></wpt>
  <wpt lat="32.6646820" lon="-115.4874997"><time>2026-01-01T00:25:50Z</time></wpt>
  <wpt lat="32.6646815" lon="-115.4874847"><time>2026-01-01T00:25:51Z</time></wpt>
  <wpt lat="32.6646810" lon="-115.4874698"><time>2026-01-01T00:25:52Z</time></wpt>
  <wpt lat="32.6646805" lon="-115.4874549"><time>2026-01-01T00:25:53Z</time></wpt>
  <wpt lat="32.6646801" lon="-115.4874399"><time>2026-01-01T00:25:54Z</time></wpt>
  <wpt lat="32.6646796" lon="-115.4874250"><time>2026-01-01T00:25:55Z</time></wpt>
  <wpt lat="32.6646791" lon="-115.4874101"><time>2026-01-01T00:25:56Z</time></wpt>
  <wpt lat="32.6646787" lon="-115.4873952"><time>2026-01-01T00:25:57Z</time></wpt>
  <wpt lat="32.6646782" lon="-115.4873802"><time>2026-01-01T00:25:58Z</time></wpt>
  <wpt lat="32.6646777" lon="-115.4873653"><time>2026-01-01T00:25:59Z</time></wpt>
  <wpt lat="32.6646773" lon="-115.4873504"><time>2026-01-01T00:26:00Z</time></wpt>
  <wpt lat="32.6646768" lon="-115.4873354"><time>2026-01-01T00:26:01Z</time></wpt>
  <wpt lat="32.6646763" lon="-115.4873205"><time>2026-01-01T00:26:02Z</time></wpt>
  <wpt lat="32.6646758" lon="-115.4873056"><time>2026-01-01T00:26:03Z</time></wpt>
  <wpt lat="32.6646754" lon="-115.4872906"><time>2026-01-01T00:26:04Z</time></wpt>
  <wpt lat="32.6646749" lon="-115.4872757"><time>2026-01-01T00:26:05Z</time></wpt>
  <wpt lat="32.6646744" lon="-115.4872608"><time>2026-01-01T00:26:06Z</time></wpt>
  <wpt lat="32.6646740" lon="-115.4872458"><time>2026-01-01T00:26:07Z</time></wpt>
  <wpt lat="32.6646735" lon="-115.4872309"><time>2026-01-01T00:26:08Z</time></wpt>
  <wpt lat="32.6646735" lon="-115.4872309"><time>2026-01-01T00:26:09Z</time></wpt>
  <wpt lat="32.6646735" lon="-115.4872309"><time>2026-01-01T00:26:10Z</time></wpt>
  <wpt lat="32.6646735" lon="-115.4872309"><time>2026-01-01T00:26:11Z</time></wpt>
  <wpt lat="32.6646735" lon="-115.4872309"><time>2026-01-01T00:26:12Z</time></wpt>
  <wpt lat="32.6646735" lon="-115.4872309"><time>2026-01-01T00:26:13Z</time></wpt>
  <wpt lat="32.6646735" lon="-115.4872309"><time>2026-01-01T00:26:14Z</time></wpt>
  <wpt lat="32.6646735" lon="-115.4872309"><time>2026-01-01T00:26:15Z</time></wpt>
  <wpt lat="32.6646735" lon="-115.4872309"><time>2026-01-01T00:26:16Z</time></wpt>
  <wpt lat="32.6646735" lon="-115.4872309"><time>2026-01-01T00:26:17Z</time></wpt>
  <wpt lat="32.6646735" lon="-115.4872309"><time>2026-01-01T00:26:18Z</time></wpt>
  <wpt lat="32.6646735" lon="-115.4872309"><time>2026-01-01T00:26:19Z</time></wpt>
  <wpt lat="32.6646735" lon="-115.4872309"><time>2026-01-01T00:26:20Z</time></wpt>
  <wpt lat="32.6646735" lon="-115.4872309"><time>2026-01-01T00:26:21Z</time></wpt>
  <wpt lat="32.6646735" lon="-115.4872309"><time>2026-01-01T00:26:22Z</time></wpt>
  <wpt lat="32.6646609" lon="-115.4872304"><time>2026-01-01T00:26:23Z</time></wpt>
  <wpt lat="32.6646483" lon="-115.4872299"><time>2026-01-01T00:26:24Z</time></wpt>
  <wpt lat="32.6646358" lon="-115.4872294"><time>2026-01-01T00:26:25Z</time></wpt>
  <wpt lat="32.6646232" lon="-115.4872289"><time>2026-01-01T00:26:26Z</time></wpt>
  <wpt lat="32.6646106" lon="-115.4872284"><time>2026-01-01T00:26:27Z</time></wpt>
  <wpt lat="32.6645980" lon="-115.4872279"><time>2026-01-01T00:26:28Z</time></wpt>
  <wpt lat="32.6645854" lon="-115.4872274"><time>2026-01-01T00:26:29Z</time></wpt>
  <wpt lat="32.6645729" lon="-115.4872269"><time>2026-01-01T00:26:30Z</time></wpt>
  <wpt lat="32.6645603" lon="-115.4872264"><time>2026-01-01T00:26:31Z</time></wpt>
  <wpt lat="32.6645477" lon="-115.4872259"><time>2026-01-01T00:26:32Z</time></wpt>
  <wpt lat="32.6645351" lon="-115.4872254"><time>2026-01-01T00:26:33Z</time></wpt>
  <wpt lat="32.6645225" lon="-115.4872249"><time>2026-01-01T00:26:34Z</time></wpt>
  <wpt lat="32.6645100" lon="-115.4872244"><time>2026-01-01T00:26:35Z</time></wpt>
  <wpt lat="32.6644974" lon="-115.4872239"><time>2026-01-01T00:26:36Z</time></wpt>
  <wpt lat="32.6644848" lon="-115.4872234"><time>2026-01-01T00:26:37Z</time></wpt>
  <wpt lat="32.6644722" lon="-115.4872229"><time>2026-01-01T00:26:38Z</time></wpt>
  <wpt lat="32.6644596" lon="-115.4872224"><time>2026-01-01T00:26:39Z</time></wpt>
  <wpt lat="32.6644470" lon="-115.4872219"><time>2026-01-01T00:26:40Z</time></wpt>
  <wpt lat="32.6644345" lon="-115.4872214"><time>2026-01-01T00:26:41Z</time></wpt>
  <wpt lat="32.6644219" lon="-115.4872210"><time>2026-01-01T00:26:42Z</time></wpt>
  <wpt lat="32.6644093" lon="-115.4872205"><time>2026-01-01T00:26:43Z</time></wpt>
  <wpt lat="32.6643967" lon="-115.4872200"><time>2026-01-01T00:26:44Z</time></wpt>
  <wpt lat="32.6643841" lon="-115.4872195"><time>2026-01-01T00:26:45Z</time></wpt>
  <wpt lat="32.6643716" lon="-115.4872190"><time>2026-01-01T00:26:46Z</time></wpt>
  <wpt lat="32.6643590" lon="-115.4872185"><time>2026-01-01T00:26:47Z</time></wpt>
  <wpt lat="32.6643464" lon="-115.4872180"><time>2026-01-01T00:26:48Z</time></wpt>
  <wpt lat="32.6643338" lon="-115.4872175"><time>2026-01-01T00:26:49Z</time></wpt>
  <wpt lat="32.6643212" lon="-115.4872170"><time>2026-01-01T00:26:50Z</time></wpt>
  <wpt lat="32.6643087" lon="-115.4872165"><time>2026-01-01T00:26:51Z</time></wpt>
  <wpt lat="32.6642961" lon="-115.4872160"><time>2026-01-01T00:26:52Z</time></wpt>
  <wpt lat="32.6642835" lon="-115.4872155"><time>2026-01-01T00:26:53Z</time></wpt>
  <wpt lat="32.6642709" lon="-115.4872150"><time>2026-01-01T00:26:54Z</time></wpt>
  <wpt lat="32.6642583" lon="-115.4872145"><time>2026-01-01T00:26:55Z</time></wpt>
  <wpt lat="32.6642458" lon="-115.4872140"><time>2026-01-01T00:26:56Z</time></wpt>
  <wpt lat="32.6642332" lon="-115.4872135"><time>2026-01-01T00:26:57Z</time></wpt>
  <wpt lat="32.6642206" lon="-115.4872130"><time>2026-01-01T00:26:58Z</time></wpt>
  <wpt lat="32.6642080" lon="-115.4872125"><time>2026-01-01T00:26:59Z</time></wpt>
  <wpt lat="32.6641954" lon="-115.4872120"><time>2026-01-01T00:27:00Z</time></wpt>
  <wpt lat="32.6641829" lon="-115.4872115"><time>2026-01-01T00:27:01Z</time></wpt>
  <wpt lat="32.6641703" lon="-115.4872110"><time>2026-01-01T00:27:02Z</time></wpt>
  <wpt lat="32.6641577" lon="-115.4872105"><time>2026-01-01T00:27:03Z</time></wpt>
  <wpt lat="32.6641451" lon="-115.4872100"><time>2026-01-01T00:27:04Z</time></wpt>
  <wpt lat="32.6641325" lon="-115.4872095"><time>2026-01-01T00:27:05Z</time></wpt>
  <wpt lat="32.6641200" lon="-115.4872090"><time>2026-01-01T00:27:06Z</time></wpt>
  <wpt lat="32.6641074" lon="-115.4872085"><time>2026-01-01T00:27:07Z</time></wpt>
  <wpt lat="32.6640948" lon="-115.4872080"><time>2026-01-01T00:27:08Z</time></wpt>
  <wpt lat="32.6640822" lon="-115.4872075"><time>2026-01-01T00:27:09Z</time></wpt>
  <wpt lat="32.6640696" lon="-115.4872070"><time>2026-01-01T00:27:10Z</time></wpt>
  <wpt lat="32.6640570" lon="-115.4872065"><time>2026-01-01T00:27:11Z</time></wpt>
  <wpt lat="32.6640445" lon="-115.4872060"><time>2026-01-01T00:27:12Z</time></wpt>
  <wpt lat="32.6640319" lon="-115.4872055"><time>2026-01-01T00:27:13Z</time></wpt>
  <wpt lat="32.6640193" lon="-115.4872050"><time>2026-01-01T00:27:14Z</time></wpt>
  <wpt lat="32.6640067" lon="-115.4872045"><time>2026-01-01T00:27:15Z</time></wpt>
  <wpt lat="32.6639941" lon="-115.4872040"><time>2026-01-01T00:27:16Z</time></wpt>
  <wpt lat="32.6639816" lon="-115.4872035"><time>2026-01-01T00:27:17Z</time></wpt>
  <wpt lat="32.6639690" lon="-115.4872030"><time>2026-01-01T00:27:18Z</time></wpt>
  <wpt lat="32.6639564" lon="-115.4872025"><time>2026-01-01T00:27:19Z</time></wpt>
  <wpt lat="32.6639438" lon="-115.4872021"><time>2026-01-01T00:27:20Z</time></wpt>
  <wpt lat="32.6639312" lon="-115.4872016"><time>2026-01-01T00:27:21Z</time></wpt>
  <wpt lat="32.6639187" lon="-115.4872011"><time>2026-01-01T00:27:22Z</time></wpt>
  <wpt lat="32.6639061" lon="-115.4872006"><time>2026-01-01T00:27:23Z</time></wpt>
  <wpt lat="32.6638935" lon="-115.4872001"><time>2026-01-01T00:27:24Z</time></wpt>
  <wpt lat="32.6638809" lon="-115.4871996"><time>2026-01-01T00:27:25Z</time></wpt>
  <wpt lat="32.6638683" lon="-115.4871991"><time>2026-01-01T00:27:26Z</time></wpt>
  <wpt lat="32.6638558" lon="-115.4871986"><time>2026-01-01T00:27:27Z</time></wpt>
  <wpt lat="32.6638432" lon="-115.4871981"><time>2026-01-01T00:27:28Z</time></wpt>
  <wpt lat="32.6638306" lon="-115.4871976"><time>2026-01-01T00:27:29Z</time></wpt>
  <wpt lat="32.6638180" lon="-115.4871971"><time>2026-01-01T00:27:30Z</time></wpt>
  <wpt lat="32.6638054" lon="-115.4871966"><time>2026-01-01T00:27:31Z</time></wpt>
  <wpt lat="32.6637929" lon="-115.4871961"><time>2026-01-01T00:27:32Z</time></wpt>
  <wpt lat="32.6637803" lon="-115.4871956"><time>2026-01-01T00:27:33Z</time></wpt>
  <wpt lat="32.6637677" lon="-115.4871951"><time>2026-01-01T00:27:34Z</time></wpt>
  <wpt lat="32.6637551" lon="-115.4871946"><time>2026-01-01T00:27:35Z</time></wpt>
  <wpt lat="32.6637425" lon="-115.4871941"><time>2026-01-01T00:27:36Z</time></wpt>
  <wpt lat="32.6637300" lon="-115.4871936"><time>2026-01-01T00:27:37Z</time></wpt>
  <wpt lat="32.6637174" lon="-115.4871931"><time>2026-01-01T00:27:38Z</time></wpt>
  <wpt lat="32.6637048" lon="-115.4871926"><time>2026-01-01T00:27:39Z</time></wpt>
  <wpt lat="32.6636922" lon="-115.4871921"><time>2026-01-01T00:27:40Z</time></wpt>
  <wpt lat="32.6636796" lon="-115.4871916"><time>2026-01-01T00:27:41Z</time></wpt>
  <wpt lat="32.6636670" lon="-115.4871911"><time>2026-01-01T00:27:42Z</time></wpt>
  <wpt lat="32.6636545" lon="-115.4871906"><time>2026-01-01T00:27:43Z</time></wpt>
  <wpt lat="32.6636419" lon="-115.4871901"><time>2026-01-01T00:27:44Z</time></wpt>
  <wpt lat="32.6636293" lon="-115.4871896"><time>2026-01-01T00:27:45Z</time></wpt>
  <wpt lat="32.6636167" lon="-115.4871891"><time>2026-01-01T00:27:46Z</time></wpt>
  <wpt lat="32.6636041" lon="-115.4871886"><time>2026-01-01T00:27:47Z</time></wpt>
  <wpt lat="32.6635916" lon="-115.4871881"><time>2026-01-01T00:27:48Z</time></wpt>
  <wpt lat="32.6635790" lon="-115.4871876"><time>2026-01-01T00:27:49Z</time></wpt>
  <wpt lat="32.6635664" lon="-115.4871871"><time>2026-01-01T00:27:50Z</time></wpt>
  <wpt lat="32.6635538" lon="-115.4871866"><time>2026-01-01T00:27:51Z</time></wpt>
  <wpt lat="32.6635412" lon="-115.4871861"><time>2026-01-01T00:27:52Z</time></wpt>
  <wpt lat="32.6635287" lon="-115.4871856"><time>2026-01-01T00:27:53Z</time></wpt>
  <wpt lat="32.6635161" lon="-115.4871851"><time>2026-01-01T00:27:54Z</time></wpt>
  <wpt lat="32.6635035" lon="-115.4871846"><time>2026-01-01T00:27:55Z</time></wpt>
  <wpt lat="32.6634909" lon="-115.4871841"><time>2026-01-01T00:27:56Z</time></wpt>
  <wpt lat="32.6634783" lon="-115.4871836"><time>2026-01-01T00:27:57Z</time></wpt>
  <wpt lat="32.6634658" lon="-115.4871832"><time>2026-01-01T00:27:58Z</time></wpt>
  <wpt lat="32.6634532" lon="-115.4871827"><time>2026-01-01T00:27:59Z</time></wpt>
  <wpt lat="32.6634406" lon="-115.4871822"><time>2026-01-01T00:28:00Z</time></wpt>
  <wpt lat="32.6634280" lon="-115.4871817"><time>2026-01-01T00:28:01Z</time></wpt>
  <wpt lat="32.6634154" lon="-115.4871812"><time>2026-01-01T00:28:02Z</time></wpt>
  <wpt lat="32.6634029" lon="-115.4871807"><time>2026-01-01T00:28:03Z</time></wpt>
  <wpt lat="32.6633903" lon="-115.4871802"><time>2026-01-01T00:28:04Z</time></wpt>
  <wpt lat="32.6633777" lon="-115.4871797"><time>2026-01-01T00:28:05Z</time></wpt>
  <wpt lat="32.6633651" lon="-115.4871792"><time>2026-01-01T00:28:06Z</time></wpt>
  <wpt lat="32.6633525" lon="-115.4871787"><time>2026-01-01T00:28:07Z</time></wpt>
  <wpt lat="32.6633400" lon="-115.4871782"><time>2026-01-01T00:28:08Z</time></wpt>
  <wpt lat="32.6633274" lon="-115.4871777"><time>2026-01-01T00:28:09Z</time></wpt>
  <wpt lat="32.6633148" lon="-115.4871772"><time>2026-01-01T00:28:10Z</time></wpt>
  <wpt lat="32.6633022" lon="-115.4871767"><time>2026-01-01T00:28:11Z</time></wpt>
  <wpt lat="32.6632896" lon="-115.4871762"><time>2026-01-01T00:28:12Z</time></wpt>
  <wpt lat="32.6632770" lon="-115.4871757"><time>2026-01-01T00:28:13Z</time></wpt>
  <wpt lat="32.6632645" lon="-115.4871752"><time>2026-01-01T00:28:14Z</time></wpt>
  <wpt lat="32.6632519" lon="-115.4871747"><time>2026-01-01T00:28:15Z</time></wpt>
  <wpt lat="32.6632393" lon="-115.4871742"><time>2026-01-01T00:28:16Z</time></wpt>
  <wpt lat="32.6632267" lon="-115.4871737"><time>2026-01-01T00:28:17Z</time></wpt>
  <wpt lat="32.6632141" lon="-115.4871732"><time>2026-01-01T00:28:18Z</time></wpt>
  <wpt lat="32.6632016" lon="-115.4871727"><time>2026-01-01T00:28:19Z</time></wpt>
  <wpt lat="32.6631890" lon="-115.4871722"><time>2026-01-01T00:28:20Z</time></wpt>
  <wpt lat="32.6631764" lon="-115.4871717"><time>2026-01-01T00:28:21Z</time></wpt>
  <wpt lat="32.6631638" lon="-115.4871712"><time>2026-01-01T00:28:22Z</time></wpt>
  <wpt lat="32.6631512" lon="-115.4871707"><time>2026-01-01T00:28:23Z</time></wpt>
  <wpt lat="32.6631387" lon="-115.4871702"><time>2026-01-01T00:28:24Z</time></wpt>
  <wpt lat="32.6631261" lon="-115.4871697"><time>2026-01-01T00:28:25Z</time></wpt>
  <wpt lat="32.6631135" lon="-115.4871692"><time>2026-01-01T00:28:26Z</time></wpt>
  <wpt lat="32.6631009" lon="-115.4871687"><time>2026-01-01T00:28:27Z</time></wpt>
  <wpt lat="32.6630883" lon="-115.4871682"><time>2026-01-01T00:28:28Z</time></wpt>
  <wpt lat="32.6630758" lon="-115.4871677"><time>2026-01-01T00:28:29Z</time></wpt>
  <wpt lat="32.6630632" lon="-115.4871672"><time>2026-01-01T00:28:30Z</time></wpt>
  <wpt lat="32.6630506" lon="-115.4871667"><time>2026-01-01T00:28:31Z</time></wpt>
  <wpt lat="32.6630380" lon="-115.4871662"><time>2026-01-01T00:28:32Z</time></wpt>
  <wpt lat="32.6630254" lon="-115.4871657"><time>2026-01-01T00:28:33Z</time></wpt>
  <wpt lat="32.6630129" lon="-115.4871652"><time>2026-01-01T00:28:34Z</time></wpt>
  <wpt lat="32.6630003" lon="-115.4871647"><time>2026-01-01T00:28:35Z</time></wpt>
  <wpt lat="32.6629877" lon="-115.4871643"><time>2026-01-01T00:28:36Z</time></wpt>
  <wpt lat="32.6629751" lon="-115.4871638"><time>2026-01-01T00:28:37Z</time></wpt>
  <wpt lat="32.6629625" lon="-115.4871633"><time>2026-01-01T00:28:38Z</time></wpt>
  <wpt lat="32.6629500" lon="-115.4871628"><time>2026-01-01T00:28:39Z</time></wpt>
  <wpt lat="32.6629374" lon="-115.4871623"><time>2026-01-01T00:28:40Z</time></wpt>
  <wpt lat="32.6629248" lon="-115.4871618"><time>2026-01-01T00:28:41Z</time></wpt>
  <wpt lat="32.6629122" lon="-115.4871613"><time>2026-01-01T00:28:42Z</time></wpt>
  <wpt lat="32.6628996" lon="-115.4871608"><time>2026-01-01T00:28:43Z</time></wpt>
  <wpt lat="32.6628870" lon="-115.4871603"><time>2026-01-01T00:28:44Z</time></wpt>
  <wpt lat="32.6628745" lon="-115.4871598"><time>2026-01-01T00:28:45Z</time></wpt>
  <wpt lat="32.6628619" lon="-115.4871593"><time>2026-01-01T00:28:46Z</time></wpt>
  <wpt lat="32.6628493" lon="-115.4871588"><time>2026-01-01T00:28:47Z</time></wpt>
  <wpt lat="32.6628367" lon="-115.4871583"><time>2026-01-01T00:28:48Z</time></wpt>
  <wpt lat="32.6628241" lon="-115.4871578"><time>2026-01-01T00:28:49Z</time></wpt>
  <wpt lat="32.6628116" lon="-115.4871573"><time>2026-01-01T00:28:50Z</time></wpt>
  <wpt lat="32.6627990" lon="-115.4871568"><time>2026-01-01T00:28:51Z</time></wpt>
  <wpt lat="32.6627864" lon="-115.4871563"><time>2026-01-01T00:28:52Z</time></wpt>
  <wpt lat="32.6627738" lon="-115.4871558"><time>2026-01-01T00:28:53Z</time></wpt>
  <wpt lat="32.6627612" lon="-115.4871553"><time>2026-01-01T00:28:54Z</time></wpt>
  <wpt lat="32.6627487" lon="-115.4871548"><time>2026-01-01T00:28:55Z</time></wpt>
  <wpt lat="32.6627361" lon="-115.4871543"><time>2026-01-01T00:28:56Z</time></wpt>
  <wpt lat="32.6627235" lon="-115.4871538"><time>2026-01-01T00:28:57Z</time></wpt>
  <wpt lat="32.6627109" lon="-115.4871533"><time>2026-01-01T00:28:58Z</time></wpt>
  <wpt lat="32.6626983" lon="-115.4871528"><time>2026-01-01T00:28:59Z</time></wpt>
  <wpt lat="32.6626858" lon="-115.4871523"><time>2026-01-01T00:29:00Z</time></wpt>
  <wpt lat="32.6626732" lon="-115.4871518"><time>2026-01-01T00:29:01Z</time></wpt>
  <wpt lat="32.6626606" lon="-115.4871513"><time>2026-01-01T00:29:02Z</time></wpt>
  <wpt lat="32.6626480" lon="-115.4871508"><time>2026-01-01T00:29:03Z</time></wpt>
  <wpt lat="32.6626354" lon="-115.4871503"><time>2026-01-01T00:29:04Z</time></wpt>
  <wpt lat="32.6626229" lon="-115.4871498"><time>2026-01-01T00:29:05Z</time></wpt>
  <wpt lat="32.6626103" lon="-115.4871493"><time>2026-01-01T00:29:06Z</time></wpt>
  <wpt lat="32.6625977" lon="-115.4871488"><time>2026-01-01T00:29:07Z</time></wpt>
  <wpt lat="32.6625851" lon="-115.4871483"><time>2026-01-01T00:29:08Z</time></wpt>
  <wpt lat="32.6625725" lon="-115.4871478"><time>2026-01-01T00:29:09Z</time></wpt>
  <wpt lat="32.6625600" lon="-115.4871473"><time>2026-01-01T00:29:10Z</time></wpt>
  <wpt lat="32.6625474" lon="-115.4871468"><time>2026-01-01T00:29:11Z</time></wpt>
  <wpt lat="32.6625348" lon="-115.4871463"><time>2026-01-01T00:29:12Z</time></wpt>
  <wpt lat="32.6625222" lon="-115.4871458"><time>2026-01-01T00:29:13Z</time></wpt>
  <wpt lat="32.6625096" lon="-115.4871454"><time>2026-01-01T00:29:14Z</time></wpt>
  <wpt lat="32.6624970" lon="-115.4871449"><time>2026-01-01T00:29:15Z</time></wpt>
  <wpt lat="32.6624845" lon="-115.4871444"><time>2026-01-01T00:29:16Z</time></wpt>
  <wpt lat="32.6624719" lon="-115.4871439"><time>2026-01-01T00:29:17Z</time></wpt>
  <wpt lat="32.6624593" lon="-115.4871434"><time>2026-01-01T00:29:18Z</time></wpt>
  <wpt lat="32.6624467" lon="-115.4871429"><time>2026-01-01T00:29:19Z</time></wpt>
  <wpt lat="32.6624341" lon="-115.4871424"><time>2026-01-01T00:29:20Z</time></wpt>
  <wpt lat="32.6624216" lon="-115.4871419"><time>2026-01-01T00:29:21Z</time></wpt>
  <wpt lat="32.6624090" lon="-115.4871414"><time>2026-01-01T00:29:22Z</time></wpt>
  <wpt lat="32.6623964" lon="-115.4871409"><time>2026-01-01T00:29:23Z</time></wpt>
  <wpt lat="32.6623838" lon="-115.4871404"><time>2026-01-01T00:29:24Z</time></wpt>
  <wpt lat="32.6623712" lon="-115.4871399"><time>2026-01-01T00:29:25Z</time></wpt>
  <wpt lat="32.6623587" lon="-115.4871394"><time>2026-01-01T00:29:26Z</time></wpt>
  <wpt lat="32.6623461" lon="-115.4871389"><time>2026-01-01T00:29:27Z</time></wpt>
  <wpt lat="32.6623335" lon="-115.4871384"><time>2026-01-01T00:29:28Z</time></wpt>
  <wpt lat="32.6623209" lon="-115.4871379"><time>2026-01-01T00:29:29Z</time></wpt>
  <wpt lat="32.6623083" lon="-115.4871374"><time>2026-01-01T00:29:30Z</time></wpt>
  <wpt lat="32.6622958" lon="-115.4871369"><time>2026-01-01T00:29:31Z</time></wpt>
  <wpt lat="32.6622832" lon="-115.4871364"><time>2026-01-01T00:29:32Z</time></wpt>
  <wpt lat="32.6622706" lon="-115.4871359"><time>2026-01-01T00:29:33Z</time></wpt>
  <wpt lat="32.6622580" lon="-115.4871354"><time>2026-01-01T00:29:34Z</time></wpt>
  <wpt lat="32.6622454" lon="-115.4871349"><time>2026-01-01T00:29:35Z</time></wpt>
  <wpt lat="32.6622329" lon="-115.4871344"><time>2026-01-01T00:29:36Z</time></wpt>
  <wpt lat="32.6622203" lon="-115.4871339"><time>2026-01-01T00:29:37Z</time></wpt>
  <wpt lat="32.6622077" lon="-115.4871334"><time>2026-01-01T00:29:38Z</time></wpt>
  <wpt lat="32.6621951" lon="-115.4871329"><time>2026-01-01T00:29:39Z</time></wpt>
  <wpt lat="32.6621825" lon="-115.4871324"><time>2026-01-01T00:29:40Z</time></wpt>
  <wpt lat="32.6621700" lon="-115.4871319"><time>2026-01-01T00:29:41Z</time></wpt>
  <wpt lat="32.6621574" lon="-115.4871314"><time>2026-01-01T00:29:42Z</time></wpt>
  <wpt lat="32.6621448" lon="-115.4871309"><time>2026-01-01T00:29:43Z</time></wpt>
  <wpt lat="32.6621322" lon="-115.4871304"><time>2026-01-01T00:29:44Z</time></wpt>
  <wpt lat="32.6621196" lon="-115.4871299"><time>2026-01-01T00:29:45Z</time></wpt>
  <wpt lat="32.6621070" lon="-115.4871294"><time>2026-01-01T00:29:46Z</time></wpt>
  <wpt lat="32.6620945" lon="-115.4871289"><time>2026-01-01T00:29:47Z</time></wpt>
  <wpt lat="32.6620819" lon="-115.4871284"><time>2026-01-01T00:29:48Z</time></wpt>
  <wpt lat="32.6620693" lon="-115.4871279"><time>2026-01-01T00:29:49Z</time></wpt>
  <wpt lat="32.6620567" lon="-115.4871274"><time>2026-01-01T00:29:50Z</time></wpt>
  <wpt lat="32.6620441" lon="-115.4871269"><time>2026-01-01T00:29:51Z</time></wpt>
  <wpt lat="32.6620316" lon="-115.4871265"><time>2026-01-01T00:29:52Z</time></wpt>
  <wpt lat="32.6620190" lon="-115.4871260"><time>2026-01-01T00:29:53Z</time></wpt>
  <wpt lat="32.6620064" lon="-115.4871255"><time>2026-01-01T00:29:54Z</time></wpt>
  <wpt lat="32.6619938" lon="-115.4871250"><time>2026-01-01T00:29:55Z</time></wpt>
  <wpt lat="32.6619812" lon="-115.4871245"><time>2026-01-01T00:29:56Z</time></wpt>
  <wpt lat="32.6619687" lon="-115.4871240"><time>2026-01-01T00:29:57Z</time></wpt>
  <wpt lat="32.6619561" lon="-115.4871235"><time>2026-01-01T00:29:58Z</time></wpt>
  <wpt lat="32.6619435" lon="-115.4871230"><time>2026-01-01T00:29:59Z</time></wpt>
  <wpt lat="32.6619309" lon="-115.4871225"><time>2026-01-01T00:30:00Z</time></wpt>
  <wpt lat="32.6619183" lon="-115.4871220"><time>2026-01-01T00:30:01Z</time></wpt>
  <wpt lat="32.6619058" lon="-115.4871215"><time>2026-01-01T00:30:02Z</time></wpt>
  <wpt lat="32.6618932" lon="-115.4871210"><time>2026-01-01T00:30:03Z</time></wpt>
  <wpt lat="32.6618806" lon="-115.4871205"><time>2026-01-01T00:30:04Z</time></wpt>
  <wpt lat="32.6618680" lon="-115.4871200"><time>2026-01-01T00:30:05Z</time></wpt>
  <wpt lat="32.6618554" lon="-115.4871195"><time>2026-01-01T00:30:06Z</time></wpt>
  <wpt lat="32.6618429" lon="-115.4871190"><time>2026-01-01T00:30:07Z</time></wpt>
  <wpt lat="32.6618303" lon="-115.4871185"><time>2026-01-01T00:30:08Z</time></wpt>
  <wpt lat="32.6618177" lon="-115.4871180"><time>2026-01-01T00:30:09Z</time></wpt>
  <wpt lat="32.6618051" lon="-115.4871175"><time>2026-01-01T00:30:10Z</time></wpt>
  <wpt lat="32.6617925" lon="-115.4871170"><time>2026-01-01T00:30:11Z</time></wpt>
  <wpt lat="32.6617800" lon="-115.4871165"><time>2026-01-01T00:30:12Z</time></wpt>
  <wpt lat="32.6617674" lon="-115.4871160"><time>2026-01-01T00:30:13Z</time></wpt>
  <wpt lat="32.6617548" lon="-115.4871155"><time>2026-01-01T00:30:14Z</time></wpt>
  <wpt lat="32.6617422" lon="-115.4871150"><time>2026-01-01T00:30:15Z</time></wpt>
  <wpt lat="32.6617296" lon="-115.4871145"><time>2026-01-01T00:30:16Z</time></wpt>
  <wpt lat="32.6617170" lon="-115.4871140"><time>2026-01-01T00:30:17Z</time></wpt>
  <wpt lat="32.6617045" lon="-115.4871135"><time>2026-01-01T00:30:18Z</time></wpt>
  <wpt lat="32.6616919" lon="-115.4871130"><time>2026-01-01T00:30:19Z</time></wpt>
  <wpt lat="32.6616793" lon="-115.4871125"><time>2026-01-01T00:30:20Z</time></wpt>
  <wpt lat="32.6616667" lon="-115.4871120"><time>2026-01-01T00:30:21Z</time></wpt>
  <wpt lat="32.6616541" lon="-115.4871115"><time>2026-01-01T00:30:22Z</time></wpt>
  <wpt lat="32.6616416" lon="-115.4871110"><time>2026-01-01T00:30:23Z</time></wpt>
  <wpt lat="32.6616290" lon="-115.4871105"><time>2026-01-01T00:30:24Z</time></wpt>
  <wpt lat="32.6616164" lon="-115.4871100"><time>2026-01-01T00:30:25Z</time></wpt>
  <wpt lat="32.6616038" lon="-115.4871095"><time>2026-01-01T00:30:26Z</time></wpt>
  <wpt lat="32.6615912" lon="-115.4871090"><time>2026-01-01T00:30:27Z</time></wpt>
  <wpt lat="32.6615787" lon="-115.4871085"><time>2026-01-01T00:30:28Z</time></wpt>
  <wpt lat="32.6615661" lon="-115.4871080"><time>2026-01-01T00:30:29Z</time></wpt>
  <wpt lat="32.6615535" lon="-115.4871075"><time>2026-01-01T00:30:30Z</time></wpt>
  <wpt lat="32.6615409" lon="-115.4871071"><time>2026-01-01T00:30:31Z</time></wpt>
  <wpt lat="32.6615283" lon="-115.4871066"><time>2026-01-01T00:30:32Z</time></wpt>
  <wpt lat="32.6615158" lon="-115.4871061"><time>2026-01-01T00:30:33Z</time></wpt>
  <wpt lat="32.6615032" lon="-115.4871056"><time>2026-01-01T00:30:34Z</time></wpt>
  <wpt lat="32.6614906" lon="-115.4871051"><time>2026-01-01T00:30:35Z</time></wpt>
  <wpt lat="32.6614780" lon="-115.4871046"><time>2026-01-01T00:30:36Z</time></wpt>
  <wpt lat="32.6614654" lon="-115.4871041"><time>2026-01-01T00:30:37Z</time></wpt>
  <wpt lat="32.6614529" lon="-115.4871036"><time>2026-01-01T00:30:38Z</time></wpt>
  <wpt lat="32.6614403" lon="-115.4871031"><time>2026-01-01T00:30:39Z</time></wpt>
  <wpt lat="32.6614277" lon="-115.4871026"><time>2026-01-01T00:30:40Z</time></wpt>
  <wpt lat="32.6614151" lon="-115.4871021"><time>2026-01-01T00:30:41Z</time></wpt>
  <wpt lat="32.6614025" lon="-115.4871016"><time>2026-01-01T00:30:42Z</time></wpt>
  <wpt lat="32.6613900" lon="-115.4871011"><time>2026-01-01T00:30:43Z</time></wpt>
  <wpt lat="32.6613774" lon="-115.4871006"><time>2026-01-01T00:30:44Z</time></wpt>
  <wpt lat="32.6613648" lon="-115.4871001"><time>2026-01-01T00:30:45Z</time></wpt>
  <wpt lat="32.6613522" lon="-115.4870996"><time>2026-01-01T00:30:46Z</time></wpt>
  <wpt lat="32.6613396" lon="-115.4870991"><time>2026-01-01T00:30:47Z</time></wpt>
  <wpt lat="32.6613270" lon="-115.4870986"><time>2026-01-01T00:30:48Z</time></wpt>
  <wpt lat="32.6613145" lon="-115.4870981"><time>2026-01-01T00:30:49Z</time></wpt>
  <wpt lat="32.6613019" lon="-115.4870976"><time>2026-01-01T00:30:50Z</time></wpt>
  <wpt lat="32.6612893" lon="-115.4870971"><time>2026-01-01T00:30:51Z</time></wpt>
  <wpt lat="32.6612767" lon="-115.4870966"><time>2026-01-01T00:30:52Z</time></wpt>
  <wpt lat="32.6612641" lon="-115.4870961"><time>2026-01-01T00:30:53Z</time></wpt>
  <wpt lat="32.6612516" lon="-115.4870956"><time>2026-01-01T00:30:54Z</time></wpt>
  <wpt lat="32.6612390" lon="-115.4870951"><time>2026-01-01T00:30:55Z</time></wpt>
  <wpt lat="32.6612264" lon="-115.4870946"><time>2026-01-01T00:30:56Z</time></wpt>
  <wpt lat="32.6612138" lon="-115.4870941"><time>2026-01-01T00:30:57Z</time></wpt>
  <wpt lat="32.6612012" lon="-115.4870936"><time>2026-01-01T00:30:58Z</time></wpt>
  <wpt lat="32.6611887" lon="-115.4870931"><time>2026-01-01T00:30:59Z</time></wpt>
  <wpt lat="32.6611761" lon="-115.4870926"><time>2026-01-01T00:31:00Z</time></wpt>
  <wpt lat="32.6611635" lon="-115.4870921"><time>2026-01-01T00:31:01Z</time></wpt>
  <wpt lat="32.6611509" lon="-115.4870916"><time>2026-01-01T00:31:02Z</time></wpt>
  <wpt lat="32.6611383" lon="-115.4870911"><time>2026-01-01T00:31:03Z</time></wpt>
  <wpt lat="32.6611258" lon="-115.4870906"><time>2026-01-01T00:31:04Z</time></wpt>
  <wpt lat="32.6611132" lon="-115.4870901"><time>2026-01-01T00:31:05Z</time></wpt>
  <wpt lat="32.6611006" lon="-115.4870896"><time>2026-01-01T00:31:06Z</time></wpt>
  <wpt lat="32.6610880" lon="-115.4870891"><time>2026-01-01T00:31:07Z</time></wpt>
  <wpt lat="32.6610754" lon="-115.4870886"><time>2026-01-01T00:31:08Z</time></wpt>
  <wpt lat="32.6610629" lon="-115.4870882"><time>2026-01-01T00:31:09Z</time></wpt>
  <wpt lat="32.6610503" lon="-115.4870877"><time>2026-01-01T00:31:10Z</time></wpt>
  <wpt lat="32.6610377" lon="-115.4870872"><time>2026-01-01T00:31:11Z</time></wpt>
  <wpt lat="32.6610251" lon="-115.4870867"><time>2026-01-01T00:31:12Z</time></wpt>
  <wpt lat="32.6610125" lon="-115.4870862"><time>2026-01-01T00:31:13Z</time></wpt>
  <wpt lat="32.6610000" lon="-115.4870857"><time>2026-01-01T00:31:14Z</time></wpt>
  <wpt lat="32.6609874" lon="-115.4870852"><time>2026-01-01T00:31:15Z</time></wpt>
  <wpt lat="32.6609748" lon="-115.4870847"><time>2026-01-01T00:31:16Z</time></wpt>
  <wpt lat="32.6609622" lon="-115.4870842"><time>2026-01-01T00:31:17Z</time></wpt>
  <wpt lat="32.6609496" lon="-115.4870837"><time>2026-01-01T00:31:18Z</time></wpt>
  <wpt lat="32.6609370" lon="-115.4870832"><time>2026-01-01T00:31:19Z</time></wpt>
  <wpt lat="32.6609245" lon="-115.4870827"><time>2026-01-01T00:31:20Z</time></wpt>
  <wpt lat="32.6609119" lon="-115.4870822"><time>2026-01-01T00:31:21Z</time></wpt>
  <wpt lat="32.6608993" lon="-115.4870817"><time>2026-01-01T00:31:22Z</time></wpt>
  <wpt lat="32.6608867" lon="-115.4870812"><time>2026-01-01T00:31:23Z</time></wpt>
  <wpt lat="32.6608741" lon="-115.4870807"><time>2026-01-01T00:31:24Z</time></wpt>
  <wpt lat="32.6608616" lon="-115.4870802"><time>2026-01-01T00:31:25Z</time></wpt>
  <wpt lat="32.6608490" lon="-115.4870797"><time>2026-01-01T00:31:26Z</time></wpt>
  <wpt lat="32.6608364" lon="-115.4870792"><time>2026-01-01T00:31:27Z</time></wpt>
  <wpt lat="32.6608238" lon="-115.4870787"><time>2026-01-01T00:31:28Z</time></wpt>
  <wpt lat="32.6608112" lon="-115.4870782"><time>2026-01-01T00:31:29Z</time></wpt>
  <wpt lat="32.6607987" lon="-115.4870777"><time>2026-01-01T00:31:30Z</time></wpt>
  <wpt lat="32.6607861" lon="-115.4870772"><time>2026-01-01T00:31:31Z</time></wpt>
  <wpt lat="32.6607735" lon="-115.4870767"><time>2026-01-01T00:31:32Z</time></wpt>
  <wpt lat="32.6607609" lon="-115.4870762"><time>2026-01-01T00:31:33Z</time></wpt>
  <wpt lat="32.6607483" lon="-115.4870757"><time>2026-01-01T00:31:34Z</time></wpt>
  <wpt lat="32.6607358" lon="-115.4870752"><time>2026-01-01T00:31:35Z</time></wpt>
  <wpt lat="32.6607232" lon="-115.4870747"><time>2026-01-01T00:31:36Z</time></wpt>
  <wpt lat="32.6607106" lon="-115.4870742"><time>2026-01-01T00:31:37Z</time></wpt>
  <wpt lat="32.6606980" lon="-115.4870737"><time>2026-01-01T00:31:38Z</time></wpt>
  <wpt lat="32.6606854" lon="-115.4870732"><time>2026-01-01T00:31:39Z</time></wpt>
  <wpt lat="32.6606729" lon="-115.4870727"><time>2026-01-01T00:31:40Z</time></wpt>
  <wpt lat="32.6606603" lon="-115.4870722"><time>2026-01-01T00:31:41Z</time></wpt>
  <wpt lat="32.6606477" lon="-115.4870717"><time>2026-01-01T00:31:42Z</time></wpt>
  <wpt lat="32.6606351" lon="-115.4870712"><time>2026-01-01T00:31:43Z</time></wpt>
  <wpt lat="32.6606225" lon="-115.4870707"><time>2026-01-01T00:31:44Z</time></wpt>
  <wpt lat="32.6606100" lon="-115.4870702"><time>2026-01-01T00:31:45Z</time></wpt>
  <wpt lat="32.6605974" lon="-115.4870697"><time>2026-01-01T00:31:46Z</time></wpt>
  <wpt lat="32.6605848" lon="-115.4870693"><time>2026-01-01T00:31:47Z</time></wpt>
  <wpt lat="32.6605722" lon="-115.4870688"><time>2026-01-01T00:31:48Z</time></wpt>
  <wpt lat="32.6605596" lon="-115.4870683"><time>2026-01-01T00:31:49Z</time></wpt>
  <wpt lat="32.6605470" lon="-115.4870678"><time>2026-01-01T00:31:50Z</time></wpt>
  <wpt lat="32.6605345" lon="-115.4870673"><time>2026-01-01T00:31:51Z</time></wpt>
  <wpt lat="32.6605219" lon="-115.4870668"><time>2026-01-01T00:31:52Z</time></wpt>
  <wpt lat="32.6605093" lon="-115.4870663"><time>2026-01-01T00:31:53Z</time></wpt>
  <wpt lat="32.6604967" lon="-115.4870658"><time>2026-01-01T00:31:54Z</time></wpt>
  <wpt lat="32.6604841" lon="-115.4870653"><time>2026-01-01T00:31:55Z</time></wpt>
  <wpt lat="32.6604716" lon="-115.4870648"><time>2026-01-01T00:31:56Z</time></wpt>
  <wpt lat="32.6604590" lon="-115.4870643"><time>2026-01-01T00:31:57Z</time></wpt>
  <wpt lat="32.6604464" lon="-115.4870638"><time>2026-01-01T00:31:58Z</time></wpt>
  <wpt lat="32.6604338" lon="-115.4870633"><time>2026-01-01T00:31:59Z</time></wpt>
  <wpt lat="32.6604212" lon="-115.4870628"><time>2026-01-01T00:32:00Z</time></wpt>
  <wpt lat="32.6604087" lon="-115.4870623"><time>2026-01-01T00:32:01Z</time></wpt>
  <wpt lat="32.6603961" lon="-115.4870618"><time>2026-01-01T00:32:02Z</time></wpt>
  <wpt lat="32.6603835" lon="-115.4870613"><time>2026-01-01T00:32:03Z</time></wpt>
  <wpt lat="32.6603709" lon="-115.4870608"><time>2026-01-01T00:32:04Z</time></wpt>
  <wpt lat="32.6603583" lon="-115.4870603"><time>2026-01-01T00:32:05Z</time></wpt>
  <wpt lat="32.6603458" lon="-115.4870598"><time>2026-01-01T00:32:06Z</time></wpt>
  <wpt lat="32.6603332" lon="-115.4870593"><time>2026-01-01T00:32:07Z</time></wpt>
  <wpt lat="32.6603206" lon="-115.4870588"><time>2026-01-01T00:32:08Z</time></wpt>
  <wpt lat="32.6603080" lon="-115.4870583"><time>2026-01-01T00:32:09Z</time></wpt>
  <wpt lat="32.6602954" lon="-115.4870578"><time>2026-01-01T00:32:10Z</time></wpt>
  <wpt lat="32.6602829" lon="-115.4870573"><time>2026-01-01T00:32:11Z</time></wpt>
  <wpt lat="32.6602703" lon="-115.4870568"><time>2026-01-01T00:32:12Z</time></wpt>
  <wpt lat="32.6602577" lon="-115.4870563"><time>2026-01-01T00:32:13Z</time></wpt>
  <wpt lat="32.6602451" lon="-115.4870558"><time>2026-01-01T00:32:14Z</time></wpt>
  <wpt lat="32.6602325" lon="-115.4870553"><time>2026-01-01T00:32:15Z</time></wpt>
  <wpt lat="32.6602200" lon="-115.4870548"><time>2026-01-01T00:32:16Z</time></wpt>
  <wpt lat="32.6602074" lon="-115.4870543"><time>2026-01-01T00:32:17Z</time></wpt>
  <wpt lat="32.6601948" lon="-115.4870538"><time>2026-01-01T00:32:18Z</time></wpt>
  <wpt lat="32.6601822" lon="-115.4870533"><time>2026-01-01T00:32:19Z</time></wpt>
  <wpt lat="32.6601696" lon="-115.4870528"><time>2026-01-01T00:32:20Z</time></wpt>
  <wpt lat="32.6601570" lon="-115.4870523"><time>2026-01-01T00:32:21Z</time></wpt>
  <wpt lat="32.6601445" lon="-115.4870518"><time>2026-01-01T00:32:22Z</time></wpt>
  <wpt lat="32.6601319" lon="-115.4870513"><time>2026-01-01T00:32:23Z</time></wpt>
  <wpt lat="32.6601193" lon="-115.4870508"><time>2026-01-01T00:32:24Z</time></wpt>
  <wpt lat="32.6601067" lon="-115.4870504"><time>2026-01-01T00:32:25Z</time></wpt>
  <wpt lat="32.6600941" lon="-115.4870499"><time>2026-01-01T00:32:26Z</time></wpt>
  <wpt lat="32.6600816" lon="-115.4870494"><time>2026-01-01T00:32:27Z</time></wpt>
  <wpt lat="32.6600690" lon="-115.4870489"><time>2026-01-01T00:32:28Z</time></wpt>
  <wpt lat="32.6600564" lon="-115.4870484"><time>2026-01-01T00:32:29Z</time></wpt>
  <wpt lat="32.6600438" lon="-115.4870479"><time>2026-01-01T00:32:30Z</time></wpt>
  <wpt lat="32.6600312" lon="-115.4870474"><time>2026-01-01T00:32:31Z</time></wpt>
  <wpt lat="32.6600187" lon="-115.4870469"><time>2026-01-01T00:32:32Z</time></wpt>
  <wpt lat="32.6600061" lon="-115.4870464"><time>2026-01-01T00:32:33Z</time></wpt>
  <wpt lat="32.6599935" lon="-115.4870459"><time>2026-01-01T00:32:34Z</time></wpt>
  <wpt lat="32.6599809" lon="-115.4870454"><time>2026-01-01T00:32:35Z</time></wpt>
  <wpt lat="32.6599683" lon="-115.4870449"><time>2026-01-01T00:32:36Z</time></wpt>
  <wpt lat="32.6599558" lon="-115.4870444"><time>2026-01-01T00:32:37Z</time></wpt>
  <wpt lat="32.6599432" lon="-115.4870439"><time>2026-01-01T00:32:38Z</time></wpt>
  <wpt lat="32.6599306" lon="-115.4870434"><time>2026-01-01T00:32:39Z</time></wpt>
  <wpt lat="32.6599180" lon="-115.4870429"><time>2026-01-01T00:32:40Z</time></wpt>
  <wpt lat="32.6599054" lon="-115.4870424"><time>2026-01-01T00:32:41Z</time></wpt>
  <wpt lat="32.6598929" lon="-115.4870419"><time>2026-01-01T00:32:42Z</time></wpt>
  <wpt lat="32.6598803" lon="-115.4870414"><time>2026-01-01T00:32:43Z</time></wpt>
  <wpt lat="32.6598677" lon="-115.4870409"><time>2026-01-01T00:32:44Z</time></wpt>
  <wpt lat="32.6598551" lon="-115.4870404"><time>2026-01-01T00:32:45Z</time></wpt>
  <wpt lat="32.6598425" lon="-115.4870399"><time>2026-01-01T00:32:46Z</time></wpt>
  <wpt lat="32.6598300" lon="-115.4870394"><time>2026-01-01T00:32:47Z</time></wpt>
  <wpt lat="32.6598174" lon="-115.4870389"><time>2026-01-01T00:32:48Z</time></wpt>
  <wpt lat="32.6598048" lon="-115.4870384"><time>2026-01-01T00:32:49Z</time></wpt>
  <wpt lat="32.6597922" lon="-115.4870379"><time>2026-01-01T00:32:50Z</time></wpt>
  <wpt lat="32.6597796" lon="-115.4870374"><time>2026-01-01T00:32:51Z</time></wpt>
  <wpt lat="32.6597670" lon="-115.4870369"><time>2026-01-01T00:32:52Z</time></wpt>
  <wpt lat="32.6597545" lon="-115.4870364"><time>2026-01-01T00:32:53Z</time></wpt>
  <wpt lat="32.6597419" lon="-115.4870359"><time>2026-01-01T00:32:54Z</time></wpt>
  <wpt lat="32.6597293" lon="-115.4870354"><time>2026-01-01T00:32:55Z</time></wpt>
  <wpt lat="32.6597167" lon="-115.4870349"><time>2026-01-01T00:32:56Z</time></wpt>
  <wpt lat="32.6597041" lon="-115.4870344"><time>2026-01-01T00:32:57Z</time></wpt>
  <wpt lat="32.6596916" lon="-115.4870339"><time>2026-01-01T00:32:58Z</time></wpt>
  <wpt lat="32.6596790" lon="-115.4870334"><time>2026-01-01T00:32:59Z</time></wpt>
  <wpt lat="32.6596664" lon="-115.4870329"><time>2026-01-01T00:33:00Z</time></wpt>
  <wpt lat="32.6596538" lon="-115.4870324"><time>2026-01-01T00:33:01Z</time></wpt>
  <wpt lat="32.6596412" lon="-115.4870319"><time>2026-01-01T00:33:02Z</time></wpt>
  <wpt lat="32.6596287" lon="-115.4870315"><time>2026-01-01T00:33:03Z</time></wpt>
  <wpt lat="32.6596161" lon="-115.4870310"><time>2026-01-01T00:33:04Z</time></wpt>
  <wpt lat="32.6596035" lon="-115.4870305"><time>2026-01-01T00:33:05Z</time></wpt>
  <wpt lat="32.6595909" lon="-115.4870300"><time>2026-01-01T00:33:06Z</time></wpt>
  <wpt lat="32.6595783" lon="-115.4870295"><time>2026-01-01T00:33:07Z</time></wpt>
  <wpt lat="32.6595658" lon="-115.4870290"><time>2026-01-01T00:33:08Z</time></wpt>
  <wpt lat="32.6595532" lon="-115.4870285"><time>2026-01-01T00:33:09Z</time></wpt>
  <wpt lat="32.6595406" lon="-115.4870280"><time>2026-01-01T00:33:10Z</time></wpt>
  <wpt lat="32.6595280" lon="-115.4870275"><time>2026-01-01T00:33:11Z</time></wpt>
  <wpt lat="32.6595154" lon="-115.4870270"><time>2026-01-01T00:33:12Z</time></wpt>
  <wpt lat="32.6595029" lon="-115.4870265"><time>2026-01-01T00:33:13Z</time></wpt>
  <wpt lat="32.6594903" lon="-115.4870260"><time>2026-01-01T00:33:14Z</time></wpt>
  <wpt lat="32.6594777" lon="-115.4870255"><time>2026-01-01T00:33:15Z</time></wpt>
  <wpt lat="32.6594651" lon="-115.4870250"><time>2026-01-01T00:33:16Z</time></wpt>
  <wpt lat="32.6594525" lon="-115.4870245"><time>2026-01-01T00:33:17Z</time></wpt>
  <wpt lat="32.6594400" lon="-115.4870240"><time>2026-01-01T00:33:18Z</time></wpt>
  <wpt lat="32.6594274" lon="-115.4870235"><time>2026-01-01T00:33:19Z</time></wpt>
  <wpt lat="32.6594148" lon="-115.4870230"><time>2026-01-01T00:33:20Z</time></wpt>
  <wpt lat="32.6594022" lon="-115.4870225"><time>2026-01-01T00:33:21Z</time></wpt>
  <wpt lat="32.6593896" lon="-115.4870220"><time>2026-01-01T00:33:22Z</time></wpt>
  <wpt lat="32.6593770" lon="-115.4870215"><time>2026-01-01T00:33:23Z</time></wpt>
  <wpt lat="32.6593645" lon="-115.4870210"><time>2026-01-01T00:33:24Z</time></wpt>
  <wpt lat="32.6593519" lon="-115.4870205"><time>2026-01-01T00:33:25Z</time></wpt>
  <wpt lat="32.6593393" lon="-115.4870200"><time>2026-01-01T00:33:26Z</time></wpt>
  <wpt lat="32.6593267" lon="-115.4870195"><time>2026-01-01T00:33:27Z</time></wpt>
  <wpt lat="32.6593141" lon="-115.4870190"><time>2026-01-01T00:33:28Z</time></wpt>
  <wpt lat="32.6593016" lon="-115.4870185"><time>2026-01-01T00:33:29Z</time></wpt>
  <wpt lat="32.6592890" lon="-115.4870180"><time>2026-01-01T00:33:30Z</time></wpt>
  <wpt lat="32.6592764" lon="-115.4870175"><time>2026-01-01T00:33:31Z</time></wpt>
  <wpt lat="32.6592638" lon="-115.4870170"><time>2026-01-01T00:33:32Z</time></wpt>
  <wpt lat="32.6592512" lon="-115.4870165"><time>2026-01-01T00:33:33Z</time></wpt>
  <wpt lat="32.6592387" lon="-115.4870160"><time>2026-01-01T00:33:34Z</time></wpt>
  <wpt lat="32.6592261" lon="-115.4870155"><time>2026-01-01T00:33:35Z</time></wpt>
  <wpt lat="32.6592135" lon="-115.4870150"><time>2026-01-01T00:33:36Z</time></wpt>
  <wpt lat="32.6592009" lon="-115.4870145"><time>2026-01-01T00:33:37Z</time></wpt>
  <wpt lat="32.6591883" lon="-115.4870140"><time>2026-01-01T00:33:38Z</time></wpt>
  <wpt lat="32.6591758" lon="-115.4870135"><time>2026-01-01T00:33:39Z</time></wpt>
  <wpt lat="32.6591632" lon="-115.4870130"><time>2026-01-01T00:33:40Z</time></wpt>
  <wpt lat="32.6591506" lon="-115.4870126"><time>2026-01-01T00:33:41Z</time></wpt>
  <wpt lat="32.6591380" lon="-115.4870121"><time>2026-01-01T00:33:42Z</time></wpt>
  <wpt lat="32.6591254" lon="-115.4870116"><time>2026-01-01T00:33:43Z</time></wpt>
  <wpt lat="32.6591129" lon="-115.4870111"><time>2026-01-01T00:33:44Z</time></wpt>
  <wpt lat="32.6591003" lon="-115.4870106"><time>2026-01-01T00:33:45Z</time></wpt>
  <wpt lat="32.6590877" lon="-115.4870101"><time>2026-01-01T00:33:46Z</time></wpt>
  <wpt lat="32.6590751" lon="-115.4870096"><time>2026-01-01T00:33:47Z</time></wpt>
  <wpt lat="32.6590625" lon="-115.4870091"><time>2026-01-01T00:33:48Z</time></wpt>
  <wpt lat="32.6590500" lon="-115.4870086"><time>2026-01-01T00:33:49Z</time></wpt>
  <wpt lat="32.6590374" lon="-115.4870081"><time>2026-01-01T00:33:50Z</time></wpt>
  <wpt lat="32.6590248" lon="-115.4870076"><time>2026-01-01T00:33:51Z</time></wpt>
  <wpt lat="32.6590122" lon="-115.4870071"><time>2026-01-01T00:33:52Z</time></wpt>
  <wpt lat="32.6589996" lon="-115.4870066"><time>2026-01-01T00:33:53Z</time></wpt>
  <wpt lat="32.6589870" lon="-115.4870061"><time>2026-01-01T00:33:54Z</time></wpt>
  <wpt lat="32.6589745" lon="-115.4870056"><time>2026-01-01T00:33:55Z</time></wpt>
  <wpt lat="32.6589619" lon="-115.4870051"><time>2026-01-01T00:33:56Z</time></wpt>
  <wpt lat="32.6589493" lon="-115.4870046"><time>2026-01-01T00:33:57Z</time></wpt>
  <wpt lat="32.6589367" lon="-115.4870041"><time>2026-01-01T00:33:58Z</time></wpt>
  <wpt lat="32.6589241" lon="-115.4870036"><time>2026-01-01T00:33:59Z</time></wpt>
  <wpt lat="32.6589116" lon="-115.4870031"><time>2026-01-01T00:34:00Z</time></wpt>
  <wpt lat="32.6588990" lon="-115.4870026"><time>2026-01-01T00:34:01Z</time></wpt>
  <wpt lat="32.6588864" lon="-115.4870021"><time>2026-01-01T00:34:02Z</time></wpt>
  <wpt lat="32.6588738" lon="-115.4870016"><time>2026-01-01T00:34:03Z</time></wpt>
  <wpt lat="32.6588612" lon="-115.4870011"><time>2026-01-01T00:34:04Z</time></wpt>
  <wpt lat="32.6588487" lon="-115.4870006"><time>2026-01-01T00:34:05Z</time></wpt>
  <wpt lat="32.6588361" lon="-115.4870001"><time>2026-01-01T00:34:06Z</time></wpt>
  <wpt lat="32.6588235" lon="-115.4869996"><time>2026-01-01T00:34:07Z</time></wpt>
  <wpt lat="32.6588109" lon="-115.4869991"><time>2026-01-01T00:34:08Z</time></wpt>
  <wpt lat="32.6587983" lon="-115.4869986"><time>2026-01-01T00:34:09Z</time></wpt>
  <wpt lat="32.6587858" lon="-115.4869981"><time>2026-01-01T00:34:10Z</time></wpt>
  <wpt lat="32.6587732" lon="-115.4869976"><time>2026-01-01T00:34:11Z</time></wpt>
  <wpt lat="32.6587606" lon="-115.4869971"><time>2026-01-01T00:34:12Z</time></wpt>
  <wpt lat="32.6587480" lon="-115.4869966"><time>2026-01-01T00:34:13Z</time></wpt>
  <wpt lat="32.6587354" lon="-115.4869961"><time>2026-01-01T00:34:14Z</time></wpt>
  <wpt lat="32.6587229" lon="-115.4869956"><time>2026-01-01T00:34:15Z</time></wpt>
  <wpt lat="32.6587103" lon="-115.4869951"><time>2026-01-01T00:34:16Z</time></wpt>
  <wpt lat="32.6586977" lon="-115.4869946"><time>2026-01-01T00:34:17Z</time></wpt>
  <wpt lat="32.6586851" lon="-115.4869941"><time>2026-01-01T00:34:18Z</time></wpt>
  <wpt lat="32.6586725" lon="-115.4869937"><time>2026-01-01T00:34:19Z</time></wpt>
  <wpt lat="32.6586600" lon="-115.4869932"><time>2026-01-01T00:34:20Z</time></wpt>
  <wpt lat="32.6586474" lon="-115.4869927"><time>2026-01-01T00:34:21Z</time></wpt>
  <wpt lat="32.6586348" lon="-115.4869922"><time>2026-01-01T00:34:22Z</time></wpt>
  <wpt lat="32.6586222" lon="-115.4869917"><time>2026-01-01T00:34:23Z</time></wpt>
  <wpt lat="32.6586096" lon="-115.4869912"><time>2026-01-01T00:34:24Z</time></wpt>
  <wpt lat="32.6585970" lon="-115.4869907"><time>2026-01-01T00:34:25Z</time></wpt>
  <wpt lat="32.6585845" lon="-115.4869902"><time>2026-01-01T00:34:26Z</time></wpt>
  <wpt lat="32.6585719" lon="-115.4869897"><time>2026-01-01T00:34:27Z</time></wpt>
  <wpt lat="32.6585593" lon="-115.4869892"><time>2026-01-01T00:34:28Z</time></wpt>
  <wpt lat="32.6585467" lon="-115.4869887"><time>2026-01-01T00:34:29Z</time></wpt>
  <wpt lat="32.6585341" lon="-115.4869882"><time>2026-01-01T00:34:30Z</time></wpt>
  <wpt lat="32.6585216" lon="-115.4869877"><time>2026-01-01T00:34:31Z</time></wpt>
  <wpt lat="32.6585090" lon="-115.4869872"><time>2026-01-01T00:34:32Z</time></wpt>
  <wpt lat="32.6584964" lon="-115.4869867"><time>2026-01-01T00:34:33Z</time></wpt>
  <wpt lat="32.6584838" lon="-115.4869862"><time>2026-01-01T00:34:34Z</time></wpt>
  <wpt lat="32.6584712" lon="-115.4869857"><time>2026-01-01T00:34:35Z</time></wpt>
  <wpt lat="32.6584587" lon="-115.4869852"><time>2026-01-01T00:34:36Z</time></wpt>
  <wpt lat="32.6584461" lon="-115.4869847"><time>2026-01-01T00:34:37Z</time></wpt>
  <wpt lat="32.6584335" lon="-115.4869842"><time>2026-01-01T00:34:38Z</time></wpt>
  <wpt lat="32.6584335" lon="-115.4869842"><time>2026-01-01T00:34:39Z</time></wpt>
  <wpt lat="32.6584335" lon="-115.4869842"><time>2026-01-01T00:34:40Z</time></wpt>
  <wpt lat="32.6584335" lon="-115.4869842"><time>2026-01-01T00:34:41Z</time></wpt>
  <wpt lat="32.6584335" lon="-115.4869842"><time>2026-01-01T00:34:42Z</time></wpt>
  <wpt lat="32.6584335" lon="-115.4869842"><time>2026-01-01T00:34:43Z</time></wpt>
  <wpt lat="32.6584335" lon="-115.4869842"><time>2026-01-01T00:34:44Z</time></wpt>
  <wpt lat="32.6584335" lon="-115.4869842"><time>2026-01-01T00:34:45Z</time></wpt>
  <wpt lat="32.6584335" lon="-115.4869842"><time>2026-01-01T00:34:46Z</time></wpt>
  <wpt lat="32.6584335" lon="-115.4869842"><time>2026-01-01T00:34:47Z</time></wpt>
  <wpt lat="32.6584335" lon="-115.4869842"><time>2026-01-01T00:34:48Z</time></wpt>
  <wpt lat="32.6584335" lon="-115.4869842"><time>2026-01-01T00:34:49Z</time></wpt>
  <wpt lat="32.6584335" lon="-115.4869842"><time>2026-01-01T00:34:50Z</time></wpt>
  <wpt lat="32.6584335" lon="-115.4869842"><time>2026-01-01T00:34:51Z</time></wpt>
  <wpt lat="32.6584335" lon="-115.4869842"><time>2026-01-01T00:34:52Z</time></wpt>
  <wpt lat="32.6584211" lon="-115.4869837"><time>2026-01-01T00:34:53Z</time></wpt>
  <wpt lat="32.6584087" lon="-115.4869832"><time>2026-01-01T00:34:54Z</time></wpt>
  <wpt lat="32.6583963" lon="-115.4869827"><time>2026-01-01T00:34:55Z</time></wpt>
  <wpt lat="32.6583839" lon="-115.4869822"><time>2026-01-01T00:34:56Z</time></wpt>
  <wpt lat="32.6583715" lon="-115.4869817"><time>2026-01-01T00:34:57Z</time></wpt>
  <wpt lat="32.6583591" lon="-115.4869813"><time>2026-01-01T00:34:58Z</time></wpt>
  <wpt lat="32.6583467" lon="-115.4869808"><time>2026-01-01T00:34:59Z</time></wpt>
  <wpt lat="32.6583343" lon="-115.4869803"><time>2026-01-01T00:35:00Z</time></wpt>
  <wpt lat="32.6583219" lon="-115.4869798"><time>2026-01-01T00:35:01Z</time></wpt>
  <wpt lat="32.6583095" lon="-115.4869793"><time>2026-01-01T00:35:02Z</time></wpt>
  <wpt lat="32.6582971" lon="-115.4869788"><time>2026-01-01T00:35:03Z</time></wpt>
  <wpt lat="32.6582847" lon="-115.4869783"><time>2026-01-01T00:35:04Z</time></wpt>
  <wpt lat="32.6582723" lon="-115.4869778"><time>2026-01-01T00:35:05Z</time></wpt>
  <wpt lat="32.6582599" lon="-115.4869773"><time>2026-01-01T00:35:06Z</time></wpt>
  <wpt lat="32.6582475" lon="-115.4869768"><time>2026-01-01T00:35:07Z</time></wpt>
  <wpt lat="32.6582351" lon="-115.4869764"><time>2026-01-01T00:35:08Z</time></wpt>
  <wpt lat="32.6582227" lon="-115.4869759"><time>2026-01-01T00:35:09Z</time></wpt>
  <wpt lat="32.6582103" lon="-115.4869754"><time>2026-01-01T00:35:10Z</time></wpt>
  <wpt lat="32.6581979" lon="-115.4869749"><time>2026-01-01T00:35:11Z</time></wpt>
  <wpt lat="32.6581855" lon="-115.4869744"><time>2026-01-01T00:35:12Z</time></wpt>
  <wpt lat="32.6581732" lon="-115.4869739"><time>2026-01-01T00:35:13Z</time></wpt>
  <wpt lat="32.6581608" lon="-115.4869734"><time>2026-01-01T00:35:14Z</time></wpt>
  <wpt lat="32.6581484" lon="-115.4869729"><time>2026-01-01T00:35:15Z</time></wpt>
  <wpt lat="32.6581360" lon="-115.4869724"><time>2026-01-01T00:35:16Z</time></wpt>
  <wpt lat="32.6581236" lon="-115.4869719"><time>2026-01-01T00:35:17Z</time></wpt>
  <wpt lat="32.6581112" lon="-115.4869715"><time>2026-01-01T00:35:18Z</time></wpt>
  <wpt lat="32.6580988" lon="-115.4869710"><time>2026-01-01T00:35:19Z</time></wpt>
  <wpt lat="32.6580864" lon="-115.4869705"><time>2026-01-01T00:35:20Z</time></wpt>
  <wpt lat="32.6580740" lon="-115.4869700"><time>2026-01-01T00:35:21Z</time></wpt>
  <wpt lat="32.6580616" lon="-115.4869695"><time>2026-01-01T00:35:22Z</time></wpt>
  <wpt lat="32.6580492" lon="-115.4869690"><time>2026-01-01T00:35:23Z</time></wpt>
  <wpt lat="32.6580368" lon="-115.4869685"><time>2026-01-01T00:35:24Z</time></wpt>
  <wpt lat="32.6580244" lon="-115.4869680"><time>2026-01-01T00:35:25Z</time></wpt>
  <wpt lat="32.6580120" lon="-115.4869675"><time>2026-01-01T00:35:26Z</time></wpt>
  <wpt lat="32.6579996" lon="-115.4869670"><time>2026-01-01T00:35:27Z</time></wpt>
  <wpt lat="32.6579872" lon="-115.4869666"><time>2026-01-01T00:35:28Z</time></wpt>
  <wpt lat="32.6579748" lon="-115.4869661"><time>2026-01-01T00:35:29Z</time></wpt>
  <wpt lat="32.6579624" lon="-115.4869656"><time>2026-01-01T00:35:30Z</time></wpt>
  <wpt lat="32.6579500" lon="-115.4869651"><time>2026-01-01T00:35:31Z</time></wpt>
  <wpt lat="32.6579376" lon="-115.4869646"><time>2026-01-01T00:35:32Z</time></wpt>
  <wpt lat="32.6579252" lon="-115.4869641"><time>2026-01-01T00:35:33Z</time></wpt>
  <wpt lat="32.6579128" lon="-115.4869636"><time>2026-01-01T00:35:34Z</time></wpt>
  <wpt lat="32.6579004" lon="-115.4869631"><time>2026-01-01T00:35:35Z</time></wpt>
  <wpt lat="32.6578880" lon="-115.4869626"><time>2026-01-01T00:35:36Z</time></wpt>
  <wpt lat="32.6578756" lon="-115.4869621"><time>2026-01-01T00:35:37Z</time></wpt>
  <wpt lat="32.6578632" lon="-115.4869617"><time>2026-01-01T00:35:38Z</time></wpt>
  <wpt lat="32.6578508" lon="-115.4869612"><time>2026-01-01T00:35:39Z</time></wpt>
  <wpt lat="32.6578384" lon="-115.4869607"><time>2026-01-01T00:35:40Z</time></wpt>
  <wpt lat="32.6578260" lon="-115.4869602"><time>2026-01-01T00:35:41Z</time></wpt>
  <wpt lat="32.6578136" lon="-115.4869597"><time>2026-01-01T00:35:42Z</time></wpt>
  <wpt lat="32.6578012" lon="-115.4869592"><time>2026-01-01T00:35:43Z</time></wpt>
  <wpt lat="32.6577888" lon="-115.4869587"><time>2026-01-01T00:35:44Z</time></wpt>
  <wpt lat="32.6577764" lon="-115.4869582"><time>2026-01-01T00:35:45Z</time></wpt>
  <wpt lat="32.6577640" lon="-115.4869577"><time>2026-01-01T00:35:46Z</time></wpt>
  <wpt lat="32.6577516" lon="-115.4869572"><time>2026-01-01T00:35:47Z</time></wpt>
  <wpt lat="32.6577392" lon="-115.4869568"><time>2026-01-01T00:35:48Z</time></wpt>
  <wpt lat="32.6577268" lon="-115.4869563"><time>2026-01-01T00:35:49Z</time></wpt>
  <wpt lat="32.6577144" lon="-115.4869558"><time>2026-01-01T00:35:50Z</time></wpt>
</gpx>
